,Serial,Name,IMEI,Item,Time,Price,CGST,SGST,Round Off,Total
0,70740,Nerurkar Mukopadhyay,867555052196438,Redmi 9A 3GB 32GB,10-10-2020,7500,675.0,675.0,0.0,8850.0
1,77484,Taksa Kumar,862851050440414,Redmi 9A 32GB 2GB,10-10-2020,7000,630.0,630.0,0.0,8260.0
2,67340,Yateen Rabgyal,862851050447211,Redmi 9A 32GB 2GB,10-10-2020,7000,630.0,630.0,0.0,8260.0
3,76259,Manavi Rabten,862851050251118,Redmi 9A 32GB 2GB,10-10-2020,7000,630.0,630.0,0.0,8260.0
4,69427,Venu Khan,867250052667162,Redmi 4GB 64GB 9 Prime,10-10-2020,10000,900.0,900.0,0.0,11800.0
5,75655,Kommana Tenzin,862851050066284,Redmi 9A 32GB 2GB,10-10-2020,7000,630.0,630.0,0.0,8260.0
6,62516,Venugopal Sangyal,863685053528331,Redmi 4GB 64GB 9,10-10-2020,9000,810.0,810.0,0.0,10620.0
7,75595,Vishnuraman Desai,867250051819160,Redmi 4GB 64GB 9 Prime,10-10-2020,10000,900.0,900.0,0.0,11800.0
8,72242,Chirimar Powar,867250051741422,Redmi 4GB 64GB 9 Prime,10-10-2020,10000,900.0,900.0,0.0,11800.0
9,70031,Priyadarshini Shroff,867250051822321,Redmi 4GB 64GB 9 Prime,10-10-2020,10000,900.0,900.0,0.0,11800.0
10,67578,Parthathy Jangchup,865528050763394,Redmi Note 9 Pro Max 6GB 128GB,10-10-2020,18500,1665.0,1665.0,0.0,21830.0
11,54396,Jignesh Saxena,865528052758491,Redmi 64GB Note 9 Pro Max 6GB,10-10-2020,17000,1530.0,1530.0,0.0,20060.0
12,63037,Vidyarthi Tsomo,863349042770419,Redmi 3GB 64GB 8A Dual,11-10-2020,9000,810.0,810.0,0.0,10620.0
13,63395,Shraddha Parekh,861258044157206,Redmi 4GB 64GB Note 9,11-10-2020,12000,1080.0,1080.0,0.0,14160.0
14,59309,Suchin Jorden,860669055849930,Redmi 32GB 2GB 8A Dual,11-10-2020,7500,675.0,675.0,0.0,8850.0
15,75339,Mudhol Banerjee,865447043114013,Redmi 64GB Note 9 Pro Max 6GB,11-10-2020,17000,1530.0,1530.0,0.0,20060.0
16,68282,Rajan Doshi,860162057737444,Redmi 32GB 2GB 8A Dual,11-10-2020,7500,675.0,675.0,0.0,8850.0
17,62976,Vittal Sinha,866320041334512,4GB 64GB Mi A3,11-10-2020,13000,1170.0,1170.0,0.0,15340.0
18,73032,Swami Barua,867555052567398,Redmi 9A 3GB 32GB,11-10-2020,7500,675.0,675.0,0.0,8850.0
19,65446,Raghavendran Jangchup,862024054669137,Redmi 4GB Note 9 128GB,11-10-2020,13500,1215.0,1215.0,0.0,15930.0
20,69147,Viswanathan Yadav,863685054424670,Redmi 4GB 64GB 9,12-10-2020,9000,810.0,810.0,0.0,10620.0
21,56614,Indrani Gain,862024058572410,Redmi Note 9 6GB 128GB,12-10-2020,15000,1350.0,1350.0,0.0,17700.0
22,79380,Rajasimha Pillai,863685054426451,Redmi 4GB 64GB 9,12-10-2020,9000,810.0,810.0,0.0,10620.0
23,79310,Yateen Reddy,867555052224255,Redmi 9A 3GB 32GB,12-10-2020,7500,675.0,675.0,0.0,8850.0
24,55537,Chella Kapur,865528050605975,Redmi Note 9 Pro Max 6GB 128GB,12-10-2020,18500,1665.0,1665.0,0.0,21830.0
25,72851,Vaidhyanathan Tashi,867250052669341,Redmi 4GB 64GB 9 Prime,12-10-2020,10000,900.0,900.0,0.0,11800.0
26,63837,Ogale Jayaraman,867555051422413,Redmi 9A 3GB 32GB,12-10-2020,7500,675.0,675.0,0.0,8850.0
27,72500,Palanirajan Lhamo,867555051348139,Redmi 9A 3GB 32GB,13-10-2020,7500,675.0,675.0,0.0,8850.0
28,61841,Chhachhi Soni,867555051816473,Redmi 9A 3GB 32GB,13-10-2020,7500,675.0,675.0,0.0,8850.0
29,63093,Malipeddi Pema,867936046724545,Redmi 4GB 128GB 9i,13-10-2020,9300,837.0,837.0,-4.0,10974.0
30,77320,Sambandan Pillai,867936046829948,Redmi 4GB 128GB 9i,13-10-2020,9300,837.0,837.0,-4.0,10974.0
31,51865,Sidda Bhanushali,867936046832488,Redmi 4GB 128GB 9i,13-10-2020,9300,837.0,837.0,-4.0,10974.0
32,69743,Palanisamy Dasgupta,867936046716087,Redmi 4GB 128GB 9i,13-10-2020,9300,837.0,837.0,-4.0,10974.0
33,56521,Meghana Prasad,867936046849706,Redmi 4GB 128GB 9i,13-10-2020,9300,837.0,837.0,-4.0,10974.0
34,52542,Mangeshkar Choudhary,867936046826803,Redmi 4GB 128GB 9i,13-10-2020,9300,837.0,837.0,-4.0,10974.0
35,79206,Subhaga Kapoor,867936046825144,Redmi 4GB 128GB 9i,13-10-2020,9300,837.0,837.0,-4.0,10974.0
36,61252,Seshadri Chattopadhyay,868448043460312,Redmi Note 9 Pro Max 6GB 128GB,13-10-2020,18500,1665.0,1665.0,0.0,21830.0
37,51096,Amra Tambe,865528050760713,Redmi Note 9 Pro Max 6GB 128GB,13-10-2020,18500,1665.0,1665.0,0.0,21830.0
38,79977,Narasimhan Barua,865528050691298,Redmi Note 9 Pro Max 6GB 128GB,13-10-2020,18500,1665.0,1665.0,0.0,21830.0
39,67180,Saji Bhagawati,864391040047357,Redmi 4GB Note 9 128GB,13-10-2020,13500,1215.0,1215.0,0.0,15930.0
40,58882,Konkipudi Pema,864391040147835,Redmi 4GB Note 9 128GB,13-10-2020,13500,1215.0,1215.0,0.0,15930.0
41,64139,Chellappan Balasubramanium,864391040137315,Redmi 4GB Note 9 128GB,13-10-2020,13500,1215.0,1215.0,0.0,15930.0
42,65663,Niral Sengupta,864391040134031,Redmi 4GB Note 9 128GB,13-10-2020,13500,1215.0,1215.0,0.0,15930.0
43,76550,Malti Bhattacharjee,862024054464174,Redmi 4GB Note 9 128GB,13-10-2020,13500,1215.0,1215.0,0.0,15930.0
44,79189,Manesh Prasad,860862046002731,Redmi 4GB Note 9 128GB,14-10-2020,13500,1215.0,1215.0,0.0,15930.0
45,55113,Mirchandani Chowdary,867473040779978,Redmi 3GB 64GB 8A Dual,14-10-2020,9000,810.0,810.0,0.0,10620.0
46,75617,Sompalli Yangkey,863685054420512,Redmi 4GB 64GB 9,14-10-2020,9000,810.0,810.0,0.0,10620.0
47,60835,Shirish Mistry,867555052232118,Redmi 9A 3GB 32GB,14-10-2020,7500,675.0,675.0,0.0,8850.0
48,77847,Raghuram Achari,862024054688418,Redmi 4GB Note 9 128GB,14-10-2020,13500,1215.0,1215.0,0.0,15930.0
49,68984,Nihar Tambe,863118044603096,Redmi 4GB 64GB Note 9 Pro,14-10-2020,14000,1260.0,1260.0,0.0,16520.0
50,58613,Ravipati Raju,867936046836547,Redmi 4GB 128GB 9i,14-10-2020,9300,837.0,837.0,-4.0,10974.0
51,78494,Vivatma Jani,867936046671464,Redmi 4GB 128GB 9i,14-10-2020,9300,837.0,837.0,-4.0,10974.0
52,76327,Kalirai Mehta,867936046802689,Redmi 4GB 128GB 9i,14-10-2020,9300,837.0,837.0,-4.0,10974.0
53,69935,Gajraj Dhundup,867936046793623,Redmi 4GB 128GB 9i,14-10-2020,9300,837.0,837.0,-4.0,10974.0
54,65110,Sethi Chavan,867936046803687,Redmi 4GB 128GB 9i,14-10-2020,9300,837.0,837.0,-4.0,10974.0
55,65114,Ganapathiraman Sen,862024059141553,Redmi 4GB Note 9 128GB,14-10-2020,13500,1215.0,1215.0,0.0,15930.0
56,60775,Pallavan Sengupta,864391040113811,Redmi 4GB Note 9 128GB,14-10-2020,13500,1215.0,1215.0,0.0,15930.0
57,64492,Sompalli Sangyal,862024054691354,Redmi 4GB Note 9 128GB,14-10-2020,13500,1215.0,1215.0,0.0,15930.0
58,77083,Datla Chowdary,868918047461706,Redmi 4GB 9 128GB Prime,15-10-2020,12000,1080.0,1080.0,0.0,14160.0
59,75148,Mayekar Powar,867555051750631,Redmi 9A 3GB 32GB,15-10-2020,7500,675.0,675.0,0.0,8850.0
60,73626,Chandramouli Pawar,868918047205145,Redmi 4GB 9 128GB Prime,15-10-2020,12000,1080.0,1080.0,0.0,14160.0
61,71426,Sraddha Tashi,868918046800508,Redmi 4GB 9 128GB Prime,15-10-2020,12000,1080.0,1080.0,0.0,14160.0
62,53045,Sadasivam Patel,868918046823401,Redmi 4GB 9 128GB Prime,15-10-2020,12000,1080.0,1080.0,0.0,14160.0
63,68927,Vineet Yadav,868918047436047,Redmi 4GB 9 128GB Prime,15-10-2020,12000,1080.0,1080.0,0.0,14160.0
64,52484,Mahatma Sangyal,868918046850206,Redmi 4GB 9 128GB Prime,15-10-2020,12000,1080.0,1080.0,0.0,14160.0
65,56058,Lahiri Tambe,868918047243047,Redmi 4GB 9 128GB Prime,15-10-2020,12000,1080.0,1080.0,0.0,14160.0
66,68885,Daryapurkar Chauhan,868918047238781,Redmi 4GB 9 128GB Prime,15-10-2020,12000,1080.0,1080.0,0.0,14160.0
67,64338,Omarjeet Rangarajan,868918047277748,Redmi 4GB 9 128GB Prime,15-10-2020,12000,1080.0,1080.0,0.0,14160.0
68,57006,Sanigepalli Patil,868918048800423,Redmi 4GB 9 128GB Prime,15-10-2020,12000,1080.0,1080.0,0.0,14160.0
69,75285,Hament Ahir,865447042197217,Redmi Note 9 Pro Max 6GB 128GB,15-10-2020,18500,1665.0,1665.0,0.0,21830.0
70,68579,Krishnamurthy Rao,868448044402651,Redmi Note 9 Pro Max 6GB 128GB,15-10-2020,18500,1665.0,1665.0,0.0,21830.0
71,76541,Prasai Gupta,865447042415551,Redmi Note 9 Pro Max 6GB 128GB,15-10-2020,18500,1665.0,1665.0,0.0,21830.0
72,72452,Nadkarni Namgyal,865447042730595,Redmi Note 9 Pro Max 6GB 128GB,15-10-2020,18500,1665.0,1665.0,0.0,21830.0
73,65784,Sadhwani Soni,868448044350835,Redmi Note 9 Pro Max 6GB 128GB,15-10-2020,18500,1665.0,1665.0,0.0,21830.0
74,55177,Senapati Chowdary,868448044330159,Redmi Note 9 Pro Max 6GB 128GB,15-10-2020,18500,1665.0,1665.0,0.0,21830.0
75,77450,Nageshwara Lhamo,865447042435955,Redmi Note 9 Pro Max 6GB 128GB,15-10-2020,18500,1665.0,1665.0,0.0,21830.0
76,52334,Saji Jani,868448044742296,Redmi Note 9 Pro Max 6GB 128GB,15-10-2020,18500,1665.0,1665.0,0.0,21830.0
77,52630,Nishit Khan,865447042855350,Redmi Note 9 Pro Max 6GB 128GB,15-10-2020,18500,1665.0,1665.0,0.0,21830.0
78,54023,Seri Singh,865447042603990,Redmi Note 9 Pro Max 6GB 128GB,15-10-2020,18500,1665.0,1665.0,0.0,21830.0
79,73801,Khot Namgyal,862024058474310,Redmi Note 9 6GB 128GB,15-10-2020,15000,1350.0,1350.0,0.0,17700.0
80,50747,Nartana Singh,865528050093651,Redmi Note 9 Pro Max 6GB 128GB,15-10-2020,18500,1665.0,1665.0,0.0,21830.0
81,62428,Shruti Nayar,865528050693914,Redmi Note 9 Pro Max 6GB 128GB,15-10-2020,18500,1665.0,1665.0,0.0,21830.0
82,79720,Pulavarti Shroff,868448044379834,Redmi Note 9 Pro Max 6GB 128GB,15-10-2020,18500,1665.0,1665.0,0.0,21830.0
83,60969,Namrata Ghoshal,868448044342378,Redmi Note 9 Pro Max 6GB 128GB,15-10-2020,18500,1665.0,1665.0,0.0,21830.0
84,73628,Mondem Gavde,860162055825431,Redmi 32GB 2GB 8A Dual,16-10-2020,7500,675.0,675.0,0.0,8850.0
85,61567,Mallikarjun Bhakta,867250051884909,Redmi 4GB 64GB 9 Prime,16-10-2020,10000,900.0,900.0,0.0,11800.0
86,62789,Sara Ghoshal,867250051816505,Redmi 4GB 64GB 9 Prime,16-10-2020,10000,900.0,900.0,0.0,11800.0
87,64594,Baboor Lhamo,867250051889841,Redmi 4GB 64GB 9 Prime,16-10-2020,10000,900.0,900.0,0.0,11800.0
88,55835,Parnita Dutta,867250051262841,Redmi 4GB 64GB 9 Prime,16-10-2020,10000,900.0,900.0,0.0,11800.0
89,77485,Gaekwad Yangkey,867250052674663,Redmi 4GB 64GB 9 Prime,16-10-2020,10000,900.0,900.0,0.0,11800.0
90,61322,Ramanujam Jha,867250051892340,Redmi 4GB 64GB 9 Prime,16-10-2020,10000,900.0,900.0,0.0,11800.0
91,60425,Sourajyoti Parekh,864391042798197,Redmi 4GB 64GB Note 9,16-10-2020,12000,1080.0,1080.0,0.0,14160.0
92,64404,Jannavi Tsomo,867250051805029,Redmi 4GB 64GB 9 Prime,16-10-2020,10000,900.0,900.0,0.0,11800.0
93,70305,Manasi Paswan,867555051764673,Redmi 9A 3GB 32GB,16-10-2020,7500,675.0,675.0,0.0,8850.0
94,56483,Visvakarman Passang,864391043034774,Redmi 4GB 64GB Note 9,16-10-2020,12000,1080.0,1080.0,0.0,14160.0
95,64322,Sarasvati Kadam,867250051799305,Redmi 4GB 64GB 9 Prime,16-10-2020,10000,900.0,900.0,0.0,11800.0
96,71471,Pummy Chauhan,862024059248259,Redmi 4GB Note 9 128GB,16-10-2020,13500,1215.0,1215.0,0.0,15930.0
97,60082,Ulind Naidu,862024058504090,Redmi 4GB Note 9 128GB,16-10-2020,13500,1215.0,1215.0,0.0,15930.0
98,71965,Khursh Jayaraman,867555051584410,Redmi 9A 3GB 32GB,16-10-2020,7500,675.0,675.0,0.0,8850.0
99,74518,Chandan Dhundup,864391043097672,Redmi 4GB 64GB Note 9,17-10-2020,12000,1080.0,1080.0,0.0,14160.0
100,55888,Thirumalaiswamy Balasubramanium,864391043064334,Redmi 4GB 64GB Note 9,17-10-2020,12000,1080.0,1080.0,0.0,14160.0
101,70016,Shahbaz Bose,864391042713337,Redmi 4GB 64GB Note 9,17-10-2020,12000,1080.0,1080.0,0.0,14160.0
102,54232,Nilini Wangchuk,867250051829789,Redmi 4GB 64GB 9 Prime,17-10-2020,10000,900.0,900.0,0.0,11800.0
103,61583,Rangarathnam Varma,867250050854028,Redmi 4GB 64GB 9 Prime,17-10-2020,10000,900.0,900.0,0.0,11800.0
104,58430,Supriya Mehta,867250052671701,Redmi 4GB 64GB 9 Prime,17-10-2020,10000,900.0,900.0,0.0,11800.0
105,54617,Sarmad Tashi,867250052674143,Redmi 4GB 64GB 9 Prime,17-10-2020,10000,900.0,900.0,0.0,11800.0
106,74375,Sammeta Jayaraman,867250051896663,Redmi 4GB 64GB 9 Prime,17-10-2020,10000,900.0,900.0,0.0,11800.0
107,71212,Manesh Goswami,867250051871187,Redmi 4GB 64GB 9 Prime,17-10-2020,10000,900.0,900.0,0.0,11800.0
108,78858,Ujjwal Sangyal,867250051880766,Redmi 4GB 64GB 9 Prime,17-10-2020,10000,900.0,900.0,0.0,11800.0
109,50205,Virasana Jangchup,867250052466102,Redmi 4GB 64GB 9 Prime,17-10-2020,10000,900.0,900.0,0.0,11800.0
110,55496,Saurin Mehra,867250051794025,Redmi 4GB 64GB 9 Prime,17-10-2020,10000,900.0,900.0,0.0,11800.0
111,69079,Sarika Kumar,862024058564938,Redmi Note 9 6GB 128GB,17-10-2020,15000,1350.0,1350.0,0.0,17700.0
112,53908,Shrestha Jaiteley,867250052674168,Redmi 4GB 64GB 9 Prime,17-10-2020,10000,900.0,900.0,0.0,11800.0
113,62253,Yavatkar Yadav,862024058609899,Redmi Note 9 6GB 128GB,17-10-2020,15000,1350.0,1350.0,0.0,17700.0
114,54591,Sankait Bhanushali,863118044577373,Redmi 4GB 64GB Note 9 Pro,17-10-2020,14000,1260.0,1260.0,0.0,16520.0
115,73186,Rajani Bhatnagar,864391042722593,Redmi 4GB 64GB Note 9,17-10-2020,12000,1080.0,1080.0,0.0,14160.0
116,73696,Prudvi Ahir,862024058451078,Redmi 4GB Note 9 128GB,17-10-2020,13500,1215.0,1215.0,0.0,15930.0
117,72335,Shiladitya Parekh,864391043074770,Redmi 4GB 64GB Note 9,17-10-2020,12000,1080.0,1080.0,0.0,14160.0
118,54879,Lalith Chatterjee,862024058058675,Redmi 4GB Note 9 128GB,17-10-2020,13500,1215.0,1215.0,0.0,15930.0
119,71817,Jeeri Chattopadhyay,863118048296715,Redmi 4GB 64GB Note 9 Pro,17-10-2020,14000,1260.0,1260.0,0.0,16520.0
120,55162,Muthukaruppan Pal,862851050460263,Redmi 9A 32GB 2GB,17-10-2020,7000,630.0,630.0,0.0,8260.0
121,70025,Chandrashekar Patil,862024059241171,Redmi 4GB Note 9 128GB,17-10-2020,13500,1215.0,1215.0,0.0,15930.0
122,71665,Saini Dhundup,862851050437592,Redmi 9A 32GB 2GB,17-10-2020,7000,630.0,630.0,0.0,8260.0
123,50549,Pashupathy Gupta,863118048239699,Redmi 4GB 64GB Note 9 Pro,17-10-2020,14000,1260.0,1260.0,0.0,16520.0
124,57996,Vijayashree Amin,862851050238941,Redmi 9A 32GB 2GB,17-10-2020,7000,630.0,630.0,0.0,8260.0
125,77709,Nagedwaran Jhadav,867555051933039,Redmi 9A 3GB 32GB,18-10-2020,7500,675.0,675.0,0.0,8850.0
126,55310,Kambli Chavan,864391042810877,Redmi 4GB 64GB Note 9,18-10-2020,12000,1080.0,1080.0,0.0,14160.0
127,69643,Mondem Rangarajan,864391042741015,Redmi 4GB 64GB Note 9,18-10-2020,12000,1080.0,1080.0,0.0,14160.0
128,51711,Gunturu Mehta,864391043081353,Redmi 4GB 64GB Note 9,18-10-2020,12000,1080.0,1080.0,0.0,14160.0
129,64653,Purva Soni,864391042728012,Redmi 4GB 64GB Note 9,18-10-2020,12000,1080.0,1080.0,0.0,14160.0
130,60552,Dama Ganguly,864391042803377,Redmi 4GB 64GB Note 9,18-10-2020,12000,1080.0,1080.0,0.0,14160.0
131,50895,Nagin Yangkey,864391042829216,Redmi 4GB 64GB Note 9,18-10-2020,12000,1080.0,1080.0,0.0,14160.0
132,73012,Varsha Jha,864391043101375,Redmi 4GB 64GB Note 9,18-10-2020,12000,1080.0,1080.0,0.0,14160.0
133,63692,Shruti Parekh,864391042821338,Redmi 4GB 64GB Note 9,18-10-2020,12000,1080.0,1080.0,0.0,14160.0
134,79448,Raghuram Passang,864391043078870,Redmi 4GB 64GB Note 9,18-10-2020,12000,1080.0,1080.0,0.0,14160.0
135,54748,Upendra Bhagawati,864391042757433,Redmi 4GB 64GB Note 9,18-10-2020,12000,1080.0,1080.0,0.0,14160.0
136,62011,Srimal Paswan,864391042710499,Redmi 4GB 64GB Note 9,18-10-2020,12000,1080.0,1080.0,0.0,14160.0
137,61473,Ramprakesh Lobo,864391043081254,Redmi 4GB 64GB Note 9,18-10-2020,12000,1080.0,1080.0,0.0,14160.0
138,70604,Palathingal Mistry,863118048608596,Redmi 4GB 64GB Note 9 Pro,18-10-2020,14000,1260.0,1260.0,0.0,16520.0
139,50407,Sucharita Verma,862024058524494,Redmi 4GB Note 9 128GB,18-10-2020,13500,1215.0,1215.0,0.0,15930.0
140,70870,Ramaprasad Sangyal,862024059264017,Redmi 4GB Note 9 128GB,18-10-2020,13500,1215.0,1215.0,0.0,15930.0
141,53556,Giridhar Khando,863118044577894,Redmi 4GB 64GB Note 9 Pro,18-10-2020,14000,1260.0,1260.0,0.0,16520.0
142,79102,Visvakarman Basu,862024058042919,Redmi 4GB Note 9 128GB,18-10-2020,13500,1215.0,1215.0,0.0,15930.0
143,55905,Karapiet Tenzin,868918049002482,Redmi 4GB 9 128GB Prime,18-10-2020,12000,1080.0,1080.0,0.0,14160.0
144,77200,Satyen Rangan,868918047839125,Redmi 4GB 9 128GB Prime,18-10-2020,12000,1080.0,1080.0,0.0,14160.0
145,72820,Talwar Lhamo,868918049038981,Redmi 4GB 9 128GB Prime,18-10-2020,12000,1080.0,1080.0,0.0,14160.0
146,58663,Durmada Yadav,868918046794628,Redmi 4GB 9 128GB Prime,18-10-2020,12000,1080.0,1080.0,0.0,14160.0
147,60450,Shivakumar Malhotra,868918047813765,Redmi 4GB 9 128GB Prime,18-10-2020,12000,1080.0,1080.0,0.0,14160.0
148,64551,Giridhar Ganguly,867555052286890,Redmi 9A 3GB 32GB,19-10-2020,7500,675.0,675.0,0.0,8850.0
149,62147,Zahin Wangchuk,867250051883141,Redmi 4GB 64GB 9 Prime,19-10-2020,10000,900.0,900.0,0.0,11800.0
150,53983,Sampath Chari,867250051837626,Redmi 4GB 64GB 9 Prime,19-10-2020,10000,900.0,900.0,0.0,11800.0
151,59552,Vasi Dolma,867250051267220,Redmi 4GB 64GB 9 Prime,19-10-2020,10000,900.0,900.0,0.0,11800.0
152,63092,Sivasubramanian Chattopadhyay,864782044775219,Redmi 4GB 64GB Note 9 Pro,19-10-2020,14000,1260.0,1260.0,0.0,16520.0
153,78296,Nidhi Namgyal,864782044774394,Redmi 4GB 64GB Note 9 Pro,19-10-2020,14000,1260.0,1260.0,0.0,16520.0
154,62484,Meenan Pillai,864782044774154,Redmi 4GB 64GB Note 9 Pro,19-10-2020,14000,1260.0,1260.0,0.0,16520.0
155,53247,Sohal Ghosh,864782044757894,Redmi 4GB 64GB Note 9 Pro,19-10-2020,14000,1260.0,1260.0,0.0,16520.0
156,76858,Parvin Mehta,864782044777298,Redmi 4GB 64GB Note 9 Pro,19-10-2020,14000,1260.0,1260.0,0.0,16520.0
157,62236,Lokesh Parekh,867936046679061,Redmi 4GB 128GB 9i,19-10-2020,9300,837.0,837.0,-4.0,10974.0
158,62677,Suravinda Parekh,863118048633032,Redmi 4GB 64GB Note 9 Pro,19-10-2020,14000,1260.0,1260.0,0.0,16520.0
159,62515,Vadakke Chattopadhyay,865441042881698,Redmi 3GB 32GB 8A Dual,19-10-2020,8300,747.0,747.0,-4.0,9794.0
160,79627,Pavani Patel,863685057035176,Redmi 4GB 64GB 9,19-10-2020,9000,810.0,810.0,0.0,10620.0
161,70055,Kandadai Pawar,863685058219936,Redmi 4GB 64GB 9,19-10-2020,9000,810.0,810.0,0.0,10620.0
162,72920,Viswanathan Doshi,863118044646475,Redmi 4GB 64GB Note 9 Pro,20-10-2020,14000,1260.0,1260.0,0.0,16520.0
163,76044,Tantry Bhakta,863685053715599,Redmi 4GB 64GB 9,20-10-2020,9000,810.0,810.0,0.0,10620.0
164,68769,Boparai Dhundup,863685057683355,Redmi 4GB 64GB 9,20-10-2020,9000,810.0,810.0,0.0,10620.0
165,64728,Sree Dolma,863540049416895,4GB 64GB Mi A3,20-10-2020,13000,1170.0,1170.0,0.0,15340.0
166,79309,Revati Mistry,864782044788196,Redmi 4GB 64GB Note 9 Pro,20-10-2020,14000,1260.0,1260.0,0.0,16520.0
167,62129,Padmanabhan Dutta,863118040835338,Redmi 4GB Note 9 Pro 128GB,20-10-2020,16000,1440.0,1440.0,0.0,18880.0
168,55370,Balakrishnan Sen,867250050965204,Redmi 4GB 64GB 9 Prime,21-10-2020,10000,900.0,900.0,0.0,11800.0
169,52704,Ragunathan Malhotra,862024059248150,Redmi 4GB Note 9 128GB,21-10-2020,13500,1215.0,1215.0,0.0,15930.0
170,75022,Shailesh Khan,862024058929396,Redmi 4GB Note 9 128GB,21-10-2020,13500,1215.0,1215.0,0.0,15930.0
171,52012,Nizami Yangkey,863685057657292,Redmi 4GB 64GB 9,21-10-2020,9000,810.0,810.0,0.0,10620.0
172,73834,Vishwa Das,864782044695755,Redmi 4GB 64GB Note 9 Pro,21-10-2020,14000,1260.0,1260.0,0.0,16520.0
173,55089,Mayur Lhamo,862185042399648,Redmi 9A 32GB 2GB,22-10-2020,7000,630.0,630.0,0.0,8260.0
174,61075,Chirag Namgyal,863118044535074,Redmi 4GB Note 9 Pro 128GB,22-10-2020,16000,1440.0,1440.0,0.0,18880.0
175,62527,Dosanjh Bhakto,862024059225091,Redmi 4GB Note 9 128GB,22-10-2020,13500,1215.0,1215.0,0.0,15930.0
176,79232,Tina Dolma,864391040161273,Redmi 4GB Note 9 128GB,22-10-2020,13500,1215.0,1215.0,0.0,15930.0
177,67318,Sripadam Jaiteley,864334055843153,Redmi 3GB 32GB 8A Dual,22-10-2020,8300,747.0,747.0,-4.0,9794.0
178,50309,Tirumalesa Singh,864334055073397,Redmi 3GB 32GB 8A Dual,22-10-2020,8300,747.0,747.0,-4.0,9794.0
179,56101,Elango Jaiteley,863685059429138,Redmi 4GB 64GB 9,22-10-2020,9000,810.0,810.0,0.0,10620.0
180,64676,Sidhu Ganguly,864334055091753,Redmi 3GB 32GB 8A Dual,22-10-2020,8300,747.0,747.0,-4.0,9794.0
181,77683,Nitin Das,864334055821035,Redmi 3GB 32GB 8A Dual,22-10-2020,8300,747.0,747.0,-4.0,9794.0
182,73923,Malti Rangdol,864334055840019,Redmi 3GB 32GB 8A Dual,22-10-2020,8300,747.0,747.0,-4.0,9794.0
183,67794,Raghavendran Mitra,863118048723833,Redmi 4GB Note 9 Pro 128GB,22-10-2020,16000,1440.0,1440.0,0.0,18880.0
184,63959,Advani Tambe,864782044777538,Redmi 4GB 64GB Note 9 Pro,23-10-2020,14000,1260.0,1260.0,0.0,16520.0
185,78851,Selvam Kapur,862024059218351,Redmi 4GB Note 9 128GB,23-10-2020,13500,1215.0,1215.0,0.0,15930.0
186,77453,Karapiet Bhagawati,864334055065336,Redmi 3GB 32GB 8A Dual,23-10-2020,8300,747.0,747.0,-4.0,9794.0
187,61743,Kansal Bose,864391040114736,Redmi 4GB Note 9 128GB,24-10-2020,13500,1215.0,1215.0,0.0,15930.0
188,61890,Viswanath Soni,864391040096917,Redmi 4GB Note 9 128GB,24-10-2020,13500,1215.0,1215.0,0.0,15930.0
189,70002,Tirumalesa Sisodiya,864391040102434,Redmi 4GB Note 9 128GB,24-10-2020,13500,1215.0,1215.0,0.0,15930.0
190,59799,Valli Raju,862024059231099,Redmi 4GB Note 9 128GB,24-10-2020,13500,1215.0,1215.0,0.0,15930.0
191,53210,Sarika Bhanushali,862024059240710,Redmi 4GB Note 9 128GB,24-10-2020,13500,1215.0,1215.0,0.0,15930.0
192,75079,Kripa Nayar,864391040099911,Redmi 4GB Note 9 128GB,24-10-2020,13500,1215.0,1215.0,0.0,15930.0
193,72526,Sapthotharan Sen,862024058045573,Redmi 4GB Note 9 128GB,24-10-2020,13500,1215.0,1215.0,0.0,15930.0
194,53057,Pyara Nair,865441042522052,Redmi 3GB 32GB 8A Dual,25-10-2020,8300,747.0,747.0,-4.0,9794.0
195,55964,Suryanarayan Rao,865650052302243,Redmi 9A 3GB 32GB,25-10-2020,7500,675.0,675.0,0.0,8850.0
196,70634,Raji Wangchuk,863540049402119,4GB 64GB Mi A3,26-10-2020,13000,1170.0,1170.0,0.0,15340.0
197,66050,Smitha Sarin,862921048701050,Redmi 4GB 64GB Note 9 Pro,26-10-2020,14000,1260.0,1260.0,0.0,16520.0
198,78112,Veera Khando,864391040082115,Redmi 4GB Note 9 128GB,26-10-2020,13500,1215.0,1215.0,0.0,15930.0
199,77436,Pragalsingh Rabgyal,862024058502219,Redmi 4GB Note 9 128GB,26-10-2020,13500,1215.0,1215.0,0.0,15930.0
200,74261,Sukanya D Costa,864782043817574,Redmi 4GB Note 9 Pro 128GB,26-10-2020,16000,1440.0,1440.0,0.0,18880.0
201,75672,Koganti Rigzin,864264055794454,Redmi 3GB 64GB 8A Dual,26-10-2020,9000,810.0,810.0,0.0,10620.0
202,54001,Snigdha Ahir,863118044406490,Redmi 4GB Note 9 Pro 128GB,26-10-2020,16000,1440.0,1440.0,0.0,18880.0
203,55985,Pankharia Doshi,864264054951519,Redmi 3GB 64GB 8A Dual,26-10-2020,9000,810.0,810.0,0.0,10620.0
204,59431,Vineet Soni,863118044576037,Redmi 4GB Note 9 Pro 128GB,26-10-2020,16000,1440.0,1440.0,0.0,18880.0
205,76407,Motala Reddy,862024057969138,Redmi 4GB Note 9 128GB,26-10-2020,13500,1215.0,1215.0,0.0,15930.0
206,70386,Mukku Raju,867936046727027,Redmi 4GB 128GB 9i,26-10-2020,9300,837.0,837.0,-4.0,10974.0
207,61236,Nira Pal,863349042649779,Redmi 3GB 64GB 8A Dual,26-10-2020,9000,810.0,810.0,0.0,10620.0
208,52823,Murugappa Dutta,864391040072595,Redmi 4GB Note 9 128GB,26-10-2020,13500,1215.0,1215.0,0.0,15930.0
209,77340,Rajaraman Chopra,862024059187879,Redmi 4GB Note 9 128GB,26-10-2020,13500,1215.0,1215.0,0.0,15930.0
210,52331,Sankrant Chatterjee,862024058506731,Redmi 4GB Note 9 128GB,26-10-2020,13500,1215.0,1215.0,0.0,15930.0
211,50247,Satyavrat Bhakto,863118048672477,Redmi 4GB Note 9 Pro 128GB,26-10-2020,16000,1440.0,1440.0,0.0,18880.0
212,79893,Nema Lobo,867936046646086,Redmi 4GB 128GB 9i,26-10-2020,9300,837.0,837.0,-4.0,10974.0
213,67645,Godambe Rao,864391040163279,Redmi 4GB Note 9 128GB,26-10-2020,13500,1215.0,1215.0,0.0,15930.0
214,79533,Ghosal Mukopadhyay,868448041125933,Redmi 64GB Note 9 Pro Max 6GB,27-10-2020,17000,1530.0,1530.0,0.0,20060.0
215,79850,Pahad Rangan,868448044592493,Redmi 64GB Note 9 Pro Max 6GB,27-10-2020,17000,1530.0,1530.0,0.0,20060.0
216,58272,Mohanty Khan,865528052767070,Redmi 64GB Note 9 Pro Max 6GB,28-10-2020,17000,1530.0,1530.0,0.0,20060.0
217,72764,Pritish Tenzin,868448044666719,Redmi 64GB Note 9 Pro Max 6GB,28-10-2020,17000,1530.0,1530.0,0.0,20060.0
218,79962,Lanka Barua,862024059238219,Redmi 4GB Note 9 128GB,28-10-2020,13500,1215.0,1215.0,0.0,15930.0
219,69977,Pritish Gupta,862024057982834,Redmi 4GB Note 9 128GB,28-10-2020,13500,1215.0,1215.0,0.0,15930.0
220,72042,Suri Bhatnagar,862024058432797,Redmi 4GB Note 9 128GB,28-10-2020,13500,1215.0,1215.0,0.0,15930.0
221,76868,Prudvi Jayaraman,862024057355452,Redmi 4GB Note 9 128GB,28-10-2020,13500,1215.0,1215.0,0.0,15930.0
222,62802,Pallavan Modi,862024058039279,Redmi 4GB Note 9 128GB,28-10-2020,13500,1215.0,1215.0,0.0,15930.0
223,51679,Girsh Patel,862024059252913,Redmi 4GB Note 9 128GB,28-10-2020,13500,1215.0,1215.0,0.0,15930.0
224,69741,Lokesh Yadav,864391040111757,Redmi 4GB Note 9 128GB,28-10-2020,13500,1215.0,1215.0,0.0,15930.0
225,57586,Nema Namgyal,865528054807411,Redmi 64GB Note 9 Pro Max 6GB,30-10-2020,17000,1530.0,1530.0,0.0,20060.0
226,64057,Shalaby Saxena,868269041882913,Redmi 4GB 64GB Note 8,30-10-2020,12500,1125.0,1125.0,0.0,14750.0
227,63103,Venkatasubramaniam Pillai,861258044196667,Redmi 4GB 64GB Note 9,30-10-2020,12000,1080.0,1080.0,0.0,14160.0
228,73823,Oruganti Sisodiya,865650052178627,Redmi 9A 3GB 32GB,02-11-2020,7500,675.0,675.0,0.0,8850.0
229,77153,Shreekant Namgyal,865650052125883,Redmi 9A 3GB 32GB,02-11-2020,7500,675.0,675.0,0.0,8850.0
230,52458,Mainak Naidu,865650052178825,Redmi 9A 3GB 32GB,02-11-2020,7500,675.0,675.0,0.0,8850.0
231,79667,Sathyanarayana Patel,865650052126063,Redmi 9A 3GB 32GB,02-11-2020,7500,675.0,675.0,0.0,8850.0
232,57547,Utpat Dutta,865650052130669,Redmi 9A 3GB 32GB,02-11-2020,7500,675.0,675.0,0.0,8850.0
233,52059,Shamshaard Dasgupta,865650052166267,Redmi 9A 3GB 32GB,02-11-2020,7500,675.0,675.0,0.0,8850.0
234,72074,Sadaram Banerjee,865650052289622,Redmi 9A 3GB 32GB,02-11-2020,7500,675.0,675.0,0.0,8850.0
235,58653,Neelam Chavan,865650052175664,Redmi 9A 3GB 32GB,02-11-2020,7500,675.0,675.0,0.0,8850.0
236,61431,Srivastav Bhanushali,865650052181621,Redmi 9A 3GB 32GB,02-11-2020,7500,675.0,675.0,0.0,8850.0
237,77280,Yavatkar Varma,865650052121809,Redmi 9A 3GB 32GB,02-11-2020,7500,675.0,675.0,0.0,8850.0
238,61046,Chengelpet Saxena,865650052179989,Redmi 9A 3GB 32GB,02-11-2020,7500,675.0,675.0,0.0,8850.0
239,62175,Pavi Rao,865650052166986,Redmi 9A 3GB 32GB,02-11-2020,7500,675.0,675.0,0.0,8850.0
240,70598,Vedula Das,865650052281702,Redmi 9A 3GB 32GB,02-11-2020,7500,675.0,675.0,0.0,8850.0
241,73693,Sowrirajan Chowdary,865650052276769,Redmi 9A 3GB 32GB,02-11-2020,7500,675.0,675.0,0.0,8850.0
242,64461,Rasiah Dasgupta,865650052292287,Redmi 9A 3GB 32GB,02-11-2020,7500,675.0,675.0,0.0,8850.0
243,53394,Moidu Yangkey,865650052178809,Redmi 9A 3GB 32GB,02-11-2020,7500,675.0,675.0,0.0,8850.0
244,58663,Kallakuri Rangarajan,865650052285042,Redmi 9A 3GB 32GB,02-11-2020,7500,675.0,675.0,0.0,8850.0
245,66648,More Patil,865650052129422,Redmi 9A 3GB 32GB,02-11-2020,7500,675.0,675.0,0.0,8850.0
246,71992,Mallika Chauhan,862228050288277,Redmi 4GB 64GB 9,02-11-2020,9000,810.0,810.0,0.0,10620.0
247,56664,Chellappan Khando,862228050300254,Redmi 4GB 64GB 9,02-11-2020,9000,810.0,810.0,0.0,10620.0
248,51233,Sukarman Barua,865650052177165,Redmi 9A 3GB 32GB,02-11-2020,7500,675.0,675.0,0.0,8850.0
249,66286,Santharam Guha,862228050303993,Redmi 4GB 64GB 9,02-11-2020,9000,810.0,810.0,0.0,10620.0
250,67250,Mayekar Khando,865650052176761,Redmi 9A 3GB 32GB,02-11-2020,7500,675.0,675.0,0.0,8850.0
251,52080,Dhruba Metok,862228050325012,Redmi 4GB 64GB 9,02-11-2020,9000,810.0,810.0,0.0,10620.0
252,53383,Srivastava Patil,862228050305394,Redmi 4GB 64GB 9,02-11-2020,9000,810.0,810.0,0.0,10620.0
253,57131,Koritala Basu,862228050266034,Redmi 4GB 64GB 9,02-11-2020,9000,810.0,810.0,0.0,10620.0
254,67078,Sornam Guha,862228050314818,Redmi 4GB 64GB 9,02-11-2020,9000,810.0,810.0,0.0,10620.0
255,79607,Sahar Lhamo,862228050306715,Redmi 4GB 64GB 9,02-11-2020,9000,810.0,810.0,0.0,10620.0
256,65565,Sorabhjee Patel,862543049915073,Redmi 4GB 64GB 9,02-11-2020,9000,810.0,810.0,0.0,10620.0
257,57123,Gurijala Pillai,862228050305717,Redmi 4GB 64GB 9,02-11-2020,9000,810.0,810.0,0.0,10620.0
258,77681,Badesha Amin,862228050301591,Redmi 4GB 64GB 9,02-11-2020,9000,810.0,810.0,0.0,10620.0
259,79462,Kothari Modi,862543044289912,Redmi 4GB 64GB 9,02-11-2020,9000,810.0,810.0,0.0,10620.0
260,65123,Premkumar Bhanushali,862543044437834,Redmi 4GB 64GB 9,02-11-2020,9000,810.0,810.0,0.0,10620.0
261,55806,Gorawala Balasubramanium,862543044324230,Redmi 4GB 64GB 9,02-11-2020,9000,810.0,810.0,0.0,10620.0
262,67940,Choughoy Banerjee,862228050327034,Redmi 4GB 64GB 9,02-11-2020,9000,810.0,810.0,0.0,10620.0
263,77518,Rupali Rodrigues,862543044410476,Redmi 4GB 64GB 9,02-11-2020,9000,810.0,810.0,0.0,10620.0
264,74854,Ujjwala Basu,862543044453377,Redmi 4GB 64GB 9,02-11-2020,9000,810.0,810.0,0.0,10620.0
265,60879,Praveenkumar Namgyal,862851050484982,Redmi 9A 32GB 2GB,03-11-2020,7000,630.0,630.0,0.0,8260.0
266,50616,Prudvi Tsomo,865650050028600,Redmi 9A 3GB 32GB,03-11-2020,7500,675.0,675.0,0.0,8850.0
267,69523,Musunur Patel,865650050054143,Redmi 9A 3GB 32GB,03-11-2020,7500,675.0,675.0,0.0,8850.0
268,73218,Parnika Powar,865650050112461,Redmi 9A 3GB 32GB,03-11-2020,7500,675.0,675.0,0.0,8850.0
269,72004,Joardar Bose,865650050056007,Redmi 9A 3GB 32GB,03-11-2020,7500,675.0,675.0,0.0,8850.0
270,78911,Shailendra Tsomo,865650050047923,Redmi 9A 3GB 32GB,03-11-2020,7500,675.0,675.0,0.0,8850.0
271,72215,Venu Chari,865650050120589,Redmi 9A 3GB 32GB,03-11-2020,7500,675.0,675.0,0.0,8850.0
272,66945,Ghemawat Mitra,865650050053905,Redmi 9A 3GB 32GB,03-11-2020,7500,675.0,675.0,0.0,8850.0
273,72190,Chandna Mitra,865650050026380,Redmi 9A 3GB 32GB,03-11-2020,7500,675.0,675.0,0.0,8850.0
274,77287,Pramsu Bhagawati,863118048735316,Redmi 4GB Note 9 Pro 128GB,03-11-2020,16000,1440.0,1440.0,0.0,18880.0
275,52455,Charan Mehra,865650050025903,Redmi 9A 3GB 32GB,03-11-2020,7500,675.0,675.0,0.0,8850.0
276,64973,Tendulkar Rodrigues,861614051218358,Redmi 32GB 2GB 8A Dual,03-11-2020,7500,675.0,675.0,0.0,8850.0
277,77881,Sahadev Kapur,862228050301294,Redmi 4GB 64GB 9,03-11-2020,9000,810.0,810.0,0.0,10620.0
278,75778,Nuguru Tsomo,862228050302052,Redmi 4GB 64GB 9,03-11-2020,9000,810.0,810.0,0.0,10620.0
279,73375,Sreevijayan Sen,862228050274715,Redmi 4GB 64GB 9,03-11-2020,9000,810.0,810.0,0.0,10620.0
280,74865,Gurijala Mistry,862228050173255,Redmi 4GB 64GB 9,03-11-2020,9000,810.0,810.0,0.0,10620.0
281,52285,Surendran Rangan,862228050278633,Redmi 4GB 64GB 9,03-11-2020,9000,810.0,810.0,0.0,10620.0
282,61624,Shaukat Sisodiya,861614051215776,Redmi 32GB 2GB 8A Dual,03-11-2020,7500,675.0,675.0,0.0,8850.0
283,67188,Suravinda Subramanium,862228050289358,Redmi 4GB 64GB 9,03-11-2020,9000,810.0,810.0,0.0,10620.0
284,53689,Omesh Gupta,861614051237291,Redmi 32GB 2GB 8A Dual,03-11-2020,7500,675.0,675.0,0.0,8850.0
285,77608,Chiba Barua,864334057232694,Redmi 32GB 2GB 8A Dual,03-11-2020,7500,675.0,675.0,0.0,8850.0
286,66519,Magesh Mukopadhyay,862228050219371,Redmi 4GB 64GB 9,03-11-2020,9000,810.0,810.0,0.0,10620.0
287,56667,Saru Sengupta,862228050297799,Redmi 4GB 64GB 9,03-11-2020,9000,810.0,810.0,0.0,10620.0
288,69119,Trisanu Mitra,864334057242354,Redmi 32GB 2GB 8A Dual,03-11-2020,7500,675.0,675.0,0.0,8850.0
289,68712,Naimish Paswan,862228050309776,Redmi 4GB 64GB 9,03-11-2020,9000,810.0,810.0,0.0,10620.0
290,78624,Ramanujam Banerjee,862228050293210,Redmi 4GB 64GB 9,03-11-2020,9000,810.0,810.0,0.0,10620.0
291,57047,Trisanu Mistry,862228050301278,Redmi 4GB 64GB 9,03-11-2020,9000,810.0,810.0,0.0,10620.0
292,75017,Sunanda Saxena,862228050246036,Redmi 4GB 64GB 9,03-11-2020,9000,810.0,810.0,0.0,10620.0
293,53593,Dinkar Jangchup,862228050268212,Redmi 4GB 64GB 9,03-11-2020,9000,810.0,810.0,0.0,10620.0
294,52318,Upender Shah,862228050326853,Redmi 4GB 64GB 9,03-11-2020,9000,810.0,810.0,0.0,10620.0
295,53388,Ramjee Chari,862228050282098,Redmi 4GB 64GB 9,03-11-2020,9000,810.0,810.0,0.0,10620.0
296,54927,Saeed Chattopadhyay,862228050293632,Redmi 4GB 64GB 9,03-11-2020,9000,810.0,810.0,0.0,10620.0
297,75732,Saru Mehta,862228050303597,Redmi 4GB 64GB 9,03-11-2020,9000,810.0,810.0,0.0,10620.0
298,56873,Bux Bhakto,862228050256118,Redmi 4GB 64GB 9,03-11-2020,9000,810.0,810.0,0.0,10620.0
299,72566,Kharbanda Lhamo,865650050047162,Redmi 9A 3GB 32GB,03-11-2020,7500,675.0,675.0,0.0,8850.0
300,63516,Oruganti Lobo,862543049025998,Redmi 4GB 64GB 9,03-11-2020,9000,810.0,810.0,0.0,10620.0
301,64953,Bipen Goswami,862228050284359,Redmi 4GB 64GB 9,03-11-2020,9000,810.0,810.0,0.0,10620.0
302,76364,Matanga Bhakta,862228050264377,Redmi 4GB 64GB 9,03-11-2020,9000,810.0,810.0,0.0,10620.0
303,75892,Moidu Malik,862228050311111,Redmi 4GB 64GB 9,03-11-2020,9000,810.0,810.0,0.0,10620.0
304,64742,Parul Yangkey,864264055170713,Redmi 3GB 64GB 8A Dual,03-11-2020,9000,810.0,810.0,0.0,10620.0
305,63332,Ratnasabapathi Patil,862228050303696,Redmi 4GB 64GB 9,03-11-2020,9000,810.0,810.0,0.0,10620.0
306,56032,Ramanuja Rabgyal,864264055784810,Redmi 3GB 64GB 8A Dual,03-11-2020,9000,810.0,810.0,0.0,10620.0
307,70183,Surapaneni Chowdary,864264055185158,Redmi 3GB 64GB 8A Dual,03-11-2020,9000,810.0,810.0,0.0,10620.0
308,62044,Nallamothu Pillai,862228050218654,Redmi 4GB 64GB 9,03-11-2020,9000,810.0,810.0,0.0,10620.0
309,63798,Goel Passang,862228050324817,Redmi 4GB 64GB 9,03-11-2020,9000,810.0,810.0,0.0,10620.0
310,72428,Malavika Mukopadhyay,862228050268196,Redmi 4GB 64GB 9,04-11-2020,9000,810.0,810.0,0.0,10620.0
311,57911,Shailendra Banerjee,865528052709072,Redmi 64GB Note 9 Pro Max 6GB,04-11-2020,17000,1530.0,1530.0,0.0,20060.0
312,77184,Gilab Gavde,863685059535090,Redmi 4GB 64GB 9,04-11-2020,9000,810.0,810.0,0.0,10620.0
313,72963,Chennapragada Mukopadhyay,865447044325618,Redmi 64GB Note 9 Pro Max 6GB,05-11-2020,17000,1530.0,1530.0,0.0,20060.0
314,55923,Yaksha Mehra,867476043192891,Redmi 4GB 64GB 9,05-11-2020,9000,810.0,810.0,0.0,10620.0
315,59935,Jaffrey Mukherjee,867476043006679,Redmi 4GB 64GB 9,05-11-2020,9000,810.0,810.0,0.0,10620.0
316,74268,Nirav Venkatesan,867476042916530,Redmi 4GB 64GB 9,05-11-2020,9000,810.0,810.0,0.0,10620.0
317,53144,Indrani Chatterjee,867476043201890,Redmi 4GB 64GB 9,05-11-2020,9000,810.0,810.0,0.0,10620.0
318,75384,Pashupathy Venkatesan,867476043264237,Redmi 4GB 64GB 9,05-11-2020,9000,810.0,810.0,0.0,10620.0
319,58240,Srini Patel,867476043275290,Redmi 4GB 64GB 9,05-11-2020,9000,810.0,810.0,0.0,10620.0
320,64449,Thukral Sisodiya,862851050266124,Redmi 9A 32GB 2GB,05-11-2020,7000,630.0,630.0,0.0,8260.0
321,70824,Barot Nair,867476043308018,Redmi 4GB 64GB 9,05-11-2020,9000,810.0,810.0,0.0,10620.0
322,55091,Tarpana Pema,867476043117179,Redmi 4GB 64GB 9,05-11-2020,9000,810.0,810.0,0.0,10620.0
323,66705,Murugappa Choudhary,867476043326358,Redmi 4GB 64GB 9,05-11-2020,9000,810.0,810.0,0.0,10620.0
324,51571,Mahabala Rao,867476043327455,Redmi 4GB 64GB 9,05-11-2020,9000,810.0,810.0,0.0,10620.0
325,73232,Venkateswaran Banerjee,867476043164411,Redmi 4GB 64GB 9,05-11-2020,9000,810.0,810.0,0.0,10620.0
326,66225,Neelakantachar Dasgupta,867476043254634,Redmi 4GB 64GB 9,05-11-2020,9000,810.0,810.0,0.0,10620.0
327,53846,Scindia Tenzin,867476043307457,Redmi 4GB 64GB 9,05-11-2020,9000,810.0,810.0,0.0,10620.0
328,60134,Savarna Tsundue,864334057251918,Redmi 32GB 2GB 8A Dual,05-11-2020,7500,675.0,675.0,0.0,8850.0
329,65182,Uttanka Gupta,861614052731557,Redmi 32GB 2GB 8A Dual,05-11-2020,7500,675.0,675.0,0.0,8850.0
330,78219,Venugopal Gupta,861614051263677,Redmi 32GB 2GB 8A Dual,05-11-2020,7500,675.0,675.0,0.0,8850.0
331,73980,Yogish Yadav,861614052691090,Redmi 32GB 2GB 8A Dual,05-11-2020,7500,675.0,675.0,0.0,8850.0
332,51611,Kulkarni Sengupta,861614051242713,Redmi 32GB 2GB 8A Dual,05-11-2020,7500,675.0,675.0,0.0,8850.0
333,51122,Chivukula Nair,861614052685431,Redmi 32GB 2GB 8A Dual,05-11-2020,7500,675.0,675.0,0.0,8850.0
334,76691,Vivekanand Balasubramanium,861614052726755,Redmi 32GB 2GB 8A Dual,05-11-2020,7500,675.0,675.0,0.0,8850.0
335,70876,Jimuta Patil,861614052716251,Redmi 32GB 2GB 8A Dual,05-11-2020,7500,675.0,675.0,0.0,8850.0
336,68361,Shail Sen,861614051001390,Redmi 32GB 2GB 8A Dual,05-11-2020,7500,675.0,675.0,0.0,8850.0
337,64820,Rajal Subramanium,861614052647019,Redmi 32GB 2GB 8A Dual,05-11-2020,7500,675.0,675.0,0.0,8850.0
338,71949,Chinmay Chowdary,861614052724990,Redmi 32GB 2GB 8A Dual,05-11-2020,7500,675.0,675.0,0.0,8850.0
339,64835,Sulagna Shah,861614051255459,Redmi 32GB 2GB 8A Dual,05-11-2020,7500,675.0,675.0,0.0,8850.0
340,51019,Sethuraman Dutta,861614051231930,Redmi 32GB 2GB 8A Dual,05-11-2020,7500,675.0,675.0,0.0,8850.0
341,62516,Raghuram Barua,861614051214654,Redmi 32GB 2GB 8A Dual,05-11-2020,7500,675.0,675.0,0.0,8850.0
342,73980,Sheba Mukherjee,864391045040936,Redmi 4GB 64GB Note 9,05-11-2020,12000,1080.0,1080.0,0.0,14160.0
343,56312,Mackherdhuj Subramanium,864391045066113,Redmi 4GB 64GB Note 9,05-11-2020,12000,1080.0,1080.0,0.0,14160.0
344,59254,Suthar Tsomo,864391045039011,Redmi 4GB 64GB Note 9,05-11-2020,12000,1080.0,1080.0,0.0,14160.0
345,55588,Motiwala Singh,864391045049796,Redmi 4GB 64GB Note 9,05-11-2020,12000,1080.0,1080.0,0.0,14160.0
346,61691,Muthukumarasamy Goswami,864391045042593,Redmi 4GB 64GB Note 9,05-11-2020,12000,1080.0,1080.0,0.0,14160.0
347,57922,Utpal Yangkey,864391045068192,Redmi 4GB 64GB Note 9,05-11-2020,12000,1080.0,1080.0,0.0,14160.0
348,75374,Sivaramakrishnan Balasubramanium,867473040317290,Redmi 3GB 64GB 8A Dual,06-11-2020,9000,810.0,810.0,0.0,10620.0
349,77623,Nadhamuni Tsundue,863349042797271,Redmi 3GB 64GB 8A Dual,06-11-2020,9000,810.0,810.0,0.0,10620.0
350,74254,Umrigar Malik,868448044629170,Redmi 64GB Note 9 Pro Max 6GB,06-11-2020,17000,1530.0,1530.0,0.0,20060.0
351,56799,Mohanty Chatterjee,864474046426732,Redmi 3GB 32GB 8A Dual,07-11-2020,8300,747.0,747.0,-4.0,9794.0
352,52664,Chinnappan Varma,862228053046417,Redmi 4GB 64GB 9,07-11-2020,9000,810.0,810.0,0.0,10620.0
353,50968,Siddhi Kapoor,862228053092494,Redmi 4GB 64GB 9,07-11-2020,9000,810.0,810.0,0.0,10620.0
354,71416,Thandray D Souza,862228052109570,Redmi 4GB 64GB 9,07-11-2020,9000,810.0,810.0,0.0,10620.0
355,57306,Purva Paswan,862228053092817,Redmi 4GB 64GB 9,07-11-2020,9000,810.0,810.0,0.0,10620.0
356,60481,Tendulkar Dhundup,862228053097717,Redmi 4GB 64GB 9,07-11-2020,9000,810.0,810.0,0.0,10620.0
357,60221,Ranganathan Singh,862228053111898,Redmi 4GB 64GB 9,07-11-2020,9000,810.0,810.0,0.0,10620.0
358,65206,Mukul Modi,862228053104513,Redmi 4GB 64GB 9,07-11-2020,9000,810.0,810.0,0.0,10620.0
359,64759,Saidullah Bose,862228053072553,Redmi 4GB 64GB 9,07-11-2020,9000,810.0,810.0,0.0,10620.0
360,52146,Rabinder Rodrigues,862228053104315,Redmi 4GB 64GB 9,07-11-2020,9000,810.0,810.0,0.0,10620.0
361,67424,Rupesh Kumar,862228052169814,Redmi 4GB 64GB 9,07-11-2020,9000,810.0,810.0,0.0,10620.0
362,76843,Nandy Verma,863685050238058,Redmi 4GB 64GB 9,07-11-2020,9000,810.0,810.0,0.0,10620.0
363,74939,Kenchammana Varma,862228053114132,Redmi 4GB 64GB 9,07-11-2020,9000,810.0,810.0,0.0,10620.0
364,67390,Mallick Mukherjee,862228053065292,Redmi 4GB 64GB 9,07-11-2020,9000,810.0,810.0,0.0,10620.0
365,68082,Perumbeti Mitra,862228053062133,Redmi 4GB 64GB 9,07-11-2020,9000,810.0,810.0,0.0,10620.0
366,57631,Saswata Passang,862228050331697,Redmi 4GB 64GB 9,07-11-2020,9000,810.0,810.0,0.0,10620.0
367,50957,Somasundara Singh,865650051871446,Redmi 9A 3GB 32GB,07-11-2020,7500,675.0,675.0,0.0,8850.0
368,64578,Chidamber Banerjee,865650051696587,Redmi 9A 3GB 32GB,07-11-2020,7500,675.0,675.0,0.0,8850.0
369,75095,Rathiea Singh,865650050050422,Redmi 9A 3GB 32GB,07-11-2020,7500,675.0,675.0,0.0,8850.0
370,79819,Omkar Rangarajan,865650051584189,Redmi 9A 3GB 32GB,07-11-2020,7500,675.0,675.0,0.0,8850.0
371,63291,Koritala Manjhi,865650051758668,Redmi 9A 3GB 32GB,07-11-2020,7500,675.0,675.0,0.0,8850.0
372,77179,Suman Kadam,865650051761084,Redmi 9A 3GB 32GB,07-11-2020,7500,675.0,675.0,0.0,8850.0
373,57894,Chirimar Rodrigues,865650050129184,Redmi 9A 3GB 32GB,07-11-2020,7500,675.0,675.0,0.0,8850.0
374,75806,Sulagna Ganguly,865650051688683,Redmi 9A 3GB 32GB,07-11-2020,7500,675.0,675.0,0.0,8850.0
375,63716,Ravikanth Bose,865650050112784,Redmi 9A 3GB 32GB,07-11-2020,7500,675.0,675.0,0.0,8850.0
376,52403,Kalirai Bose,865650050112644,Redmi 9A 3GB 32GB,07-11-2020,7500,675.0,675.0,0.0,8850.0
377,54072,Padmakant Mistry,867476043435514,Redmi 4GB 64GB 9,07-11-2020,9000,810.0,810.0,0.0,10620.0
378,77003,Manushi Raju,867476043492176,Redmi 4GB 64GB 9,07-11-2020,9000,810.0,810.0,0.0,10620.0
379,59790,Yaksha Bhanushali,867476043433790,Redmi 4GB 64GB 9,07-11-2020,9000,810.0,810.0,0.0,10620.0
380,54228,Sanzgiri Chatterjee,867476043338171,Redmi 4GB 64GB 9,07-11-2020,9000,810.0,810.0,0.0,10620.0
381,73091,Raviram Chattopadhyay,867476043434012,Redmi 4GB 64GB 9,07-11-2020,9000,810.0,810.0,0.0,10620.0
382,66479,Rege Khan,867476043433998,Redmi 4GB 64GB 9,07-11-2020,9000,810.0,810.0,0.0,10620.0
383,66267,Choughoy Pal,867476043506975,Redmi 4GB 64GB 9,07-11-2020,9000,810.0,810.0,0.0,10620.0
384,58632,Mandyam Singh,867476043498751,Redmi 4GB 64GB 9,07-11-2020,9000,810.0,810.0,0.0,10620.0
385,78481,Cheenu Sengupta,867476043431653,Redmi 4GB 64GB 9,07-11-2020,9000,810.0,810.0,0.0,10620.0
386,50719,Shiladitya Mehta,867476043501034,Redmi 4GB 64GB 9,07-11-2020,9000,810.0,810.0,0.0,10620.0
387,50019,Sangappa Parekh,867476043497076,Redmi 4GB 64GB 9,07-11-2020,9000,810.0,810.0,0.0,10620.0
388,75591,Padmesh Mehta,867476043510811,Redmi 4GB 64GB 9,07-11-2020,9000,810.0,810.0,0.0,10620.0
389,69113,Ubriani Rana,867476043349632,Redmi 4GB 64GB 9,07-11-2020,9000,810.0,810.0,0.0,10620.0
390,67507,Vootla Barua,867476043516438,Redmi 4GB 64GB 9,07-11-2020,9000,810.0,810.0,0.0,10620.0
391,61982,Kripa Tashi,867476043314214,Redmi 4GB 64GB 9,07-11-2020,9000,810.0,810.0,0.0,10620.0
392,75389,Rewari Chawda,867476043504137,Redmi 4GB 64GB 9,07-11-2020,9000,810.0,810.0,0.0,10620.0
393,78408,Venugopalan Wangchuk,867476043514151,Redmi 4GB 64GB 9,07-11-2020,9000,810.0,810.0,0.0,10620.0
394,66286,Nagpal Mukopadhyay,867476043080237,Redmi 4GB 64GB 9,07-11-2020,9000,810.0,810.0,0.0,10620.0
395,54060,Sukanya Subramanium,867476043352032,Redmi 4GB 64GB 9,07-11-2020,9000,810.0,810.0,0.0,10620.0
396,62195,Mudigonda Khando,867617052353235,Redmi 4GB 64GB 9i,07-11-2020,8300,747.0,747.0,-4.0,9794.0
397,50788,Murugappa Rao,867617052410852,Redmi 4GB 64GB 9i,07-11-2020,8300,747.0,747.0,-4.0,9794.0
398,79801,Sanghi Pillai,867617052463018,Redmi 4GB 64GB 9i,07-11-2020,8300,747.0,747.0,-4.0,9794.0
399,66558,Sankrant Yangkey,862851050455115,Redmi 9A 32GB 2GB,07-11-2020,7000,630.0,630.0,0.0,8260.0
400,62077,Sudhanshu Choudhary,867617052368654,Redmi 4GB 64GB 9i,07-11-2020,8300,747.0,747.0,-4.0,9794.0
401,60246,Panjwani Bose,867476043507296,Redmi 4GB 64GB 9,08-11-2020,9000,810.0,810.0,0.0,10620.0
402,51730,Boparai Bose,862228053124230,Redmi 4GB 64GB 9,08-11-2020,9000,810.0,810.0,0.0,10620.0
403,74059,Shreerang Verma,863118048824516,Redmi 4GB Note 9 Pro 128GB,08-11-2020,16000,1440.0,1440.0,0.0,18880.0
404,67508,Maitryi Kumar,862228053109199,Redmi 4GB 64GB 9,08-11-2020,9000,810.0,810.0,0.0,10620.0
405,52794,Nita Banerjee,864701050267416,8GB Pro Mi 128GB 10T,09-11-2020,40000,3600.0,3600.0,0.0,47200.0
406,59421,Savdeep Gain,865715044586953,Redmi 4GB 64GB Note 9 Pro,10-11-2020,14000,1260.0,1260.0,0.0,16520.0
407,66356,Chandrakala Banerjee,865715044574595,Redmi 4GB 64GB Note 9 Pro,10-11-2020,14000,1260.0,1260.0,0.0,16520.0
408,72471,Megana Rao,867476043491038,Redmi 4GB 64GB 9,10-11-2020,9000,810.0,810.0,0.0,10620.0
409,68500,Chawd Subramanium,867476043488554,Redmi 4GB 64GB 9,10-11-2020,9000,810.0,810.0,0.0,10620.0
410,75624,Behari Rodrigues,862543045939317,Redmi 4GB 64GB 9,10-11-2020,9000,810.0,810.0,0.0,10620.0
411,69447,Sudhanshu Shroff,862543045965171,Redmi 4GB 64GB 9,10-11-2020,9000,810.0,810.0,0.0,10620.0
412,52675,Innuganti Wangchuk,867476043491137,Redmi 4GB 64GB 9,10-11-2020,9000,810.0,810.0,0.0,10620.0
413,77548,Sapra Chattopadhyay,867476043246614,Redmi 4GB 64GB 9,10-11-2020,9000,810.0,810.0,0.0,10620.0
414,73521,Udayan Chopra,862543045962392,Redmi 4GB 64GB 9,10-11-2020,9000,810.0,810.0,0.0,10620.0
415,72742,Tapesh Balasubramanium,867476043325574,Redmi 4GB 64GB 9,10-11-2020,9000,810.0,810.0,0.0,10620.0
416,68359,Nageswar Gain,867476043251952,Redmi 4GB 64GB 9,10-11-2020,9000,810.0,810.0,0.0,10620.0
417,60056,Muthukaruppan Goswami,867476043504798,Redmi 4GB 64GB 9,10-11-2020,9000,810.0,810.0,0.0,10620.0
418,65905,Keshaw Raju,867476043498512,Redmi 4GB 64GB 9,10-11-2020,9000,810.0,810.0,0.0,10620.0
419,61051,Kalpna Rabten,867476043496912,Redmi 4GB 64GB 9,10-11-2020,9000,810.0,810.0,0.0,10620.0
420,54944,Sreenivas Jani,867476043488497,Redmi 4GB 64GB 9,10-11-2020,9000,810.0,810.0,0.0,10620.0
421,73934,Talip Rabten,867476043495377,Redmi 4GB 64GB 9,10-11-2020,9000,810.0,810.0,0.0,10620.0
422,65258,Sukanya Ahir,862543045949456,Redmi 4GB 64GB 9,10-11-2020,9000,810.0,810.0,0.0,10620.0
423,58647,Kishen Sinha,865715044583778,Redmi 4GB 64GB Note 9 Pro,10-11-2020,14000,1260.0,1260.0,0.0,16520.0
424,79069,Latesh Raju,865715044581897,Redmi 4GB 64GB Note 9 Pro,10-11-2020,14000,1260.0,1260.0,0.0,16520.0
425,65963,Suchin Nair,860377044433622,Redmi 4GB 64GB Note 9,10-11-2020,12000,1080.0,1080.0,0.0,14160.0
426,66608,Shruti Lhamo,860377044475680,Redmi 4GB 64GB Note 9,10-11-2020,12000,1080.0,1080.0,0.0,14160.0
427,51911,Raviprakash Achari,860377043926246,Redmi 4GB 64GB Note 9,10-11-2020,12000,1080.0,1080.0,0.0,14160.0
428,67545,Sumon Balasubramanium,860377044438746,Redmi 4GB 64GB Note 9,10-11-2020,12000,1080.0,1080.0,0.0,14160.0
429,79360,Kadak Gupta,868559047648379,Redmi 4GB 64GB Y3,11-11-2020,12000,1080.0,1080.0,0.0,14160.0
430,66392,Seri Patel,862228053785378,Redmi 4GB 64GB 9,11-11-2020,9000,810.0,810.0,0.0,10620.0
431,55504,Prithvi Varma,862228053788810,Redmi 4GB 64GB 9,11-11-2020,9000,810.0,810.0,0.0,10620.0
432,70979,Chandra Ahir,862228053804237,Redmi 4GB 64GB 9,11-11-2020,9000,810.0,810.0,0.0,10620.0
433,73461,Sadasivam Kapoor,862228053769638,Redmi 4GB 64GB 9,11-11-2020,9000,810.0,810.0,0.0,10620.0
434,77771,Gangadharan Naidu,862228053771014,Redmi 4GB 64GB 9,11-11-2020,9000,810.0,810.0,0.0,10620.0
435,67995,Nagesh Banerjee,862228053788059,Redmi 4GB 64GB 9,11-11-2020,9000,810.0,810.0,0.0,10620.0
436,74521,Krishnamurthy Jani,862228053772079,Redmi 4GB 64GB 9,11-11-2020,9000,810.0,810.0,0.0,10620.0
437,53863,Vijayakumar Patil,862228053796078,Redmi 4GB 64GB 9,11-11-2020,9000,810.0,810.0,0.0,10620.0
438,64814,Veeraraju Desai,862228053740597,Redmi 4GB 64GB 9,11-11-2020,9000,810.0,810.0,0.0,10620.0
439,62811,Mukku Tashi,862228053799577,Redmi 4GB 64GB 9,11-11-2020,9000,810.0,810.0,0.0,10620.0
440,74032,Yavatkar Saxena,862228053789412,Redmi 4GB 64GB 9,11-11-2020,9000,810.0,810.0,0.0,10620.0
441,67644,Thiagarajan Varma,865528054801752,Redmi 64GB Note 9 Pro Max 6GB,11-11-2020,17000,1530.0,1530.0,0.0,20060.0
442,61829,Kambhampat Parekh,862228053803650,Redmi 4GB 64GB 9,11-11-2020,9000,810.0,810.0,0.0,10620.0
443,50111,Niki Lhamo,862228053732693,Redmi 4GB 64GB 9,11-11-2020,9000,810.0,810.0,0.0,10620.0
444,70382,Pratima Phuntsok,862228053786053,Redmi 4GB 64GB 9,11-11-2020,9000,810.0,810.0,0.0,10620.0
445,67759,Dasari Jangchup,862543045938996,Redmi 4GB 64GB 9,11-11-2020,9000,810.0,810.0,0.0,10620.0
446,77355,Sompalli Mukopadhyay,862228053782235,Redmi 4GB 64GB 9,11-11-2020,9000,810.0,810.0,0.0,10620.0
447,60497,Elayavalli Yangkey,862228053793497,Redmi 4GB 64GB 9,11-11-2020,9000,810.0,810.0,0.0,10620.0
448,76188,Ramaswamy Singh,862228053799056,Redmi 4GB 64GB 9,11-11-2020,9000,810.0,810.0,0.0,10620.0
449,70388,Gunturu Chari,862228053198317,Redmi 4GB 64GB 9,11-11-2020,9000,810.0,810.0,0.0,10620.0
450,67111,Nagpal Namgyal,862228053758714,Redmi 4GB 64GB 9,11-11-2020,9000,810.0,810.0,0.0,10620.0
451,66663,Mokate Bhatnagar,865650051912828,Redmi 9A 3GB 32GB,11-11-2020,7500,675.0,675.0,0.0,8850.0
452,54753,Shashank Kumar,865650052171283,Redmi 9A 3GB 32GB,11-11-2020,7500,675.0,675.0,0.0,8850.0
453,63906,Radia Gupta,865650053344681,Redmi 9A 3GB 32GB,11-11-2020,7500,675.0,675.0,0.0,8850.0
454,79278,Prithu Reddy,865650053085144,Redmi 9A 3GB 32GB,11-11-2020,7500,675.0,675.0,0.0,8850.0
455,61684,Meherhomji Malhotra,867555052172694,Redmi 9A 3GB 32GB,11-11-2020,7500,675.0,675.0,0.0,8850.0
456,74529,Vijayanath Chatterjee,865650053080202,Redmi 9A 3GB 32GB,11-11-2020,7500,675.0,675.0,0.0,8850.0
457,72694,Ulla Shroff,865650052655723,Redmi 9A 3GB 32GB,11-11-2020,7500,675.0,675.0,0.0,8850.0
458,53625,Subram Naidu,865650052175441,Redmi 9A 3GB 32GB,11-11-2020,7500,675.0,675.0,0.0,8850.0
459,78462,Sutapa Rangan,865650053305088,Redmi 9A 3GB 32GB,11-11-2020,7500,675.0,675.0,0.0,8850.0
460,58722,Vijaykumar Rabgyal,865650053057861,Redmi 9A 3GB 32GB,11-11-2020,7500,675.0,675.0,0.0,8850.0
461,70658,Surujnarine Basu,865650051912224,Redmi 9A 3GB 32GB,11-11-2020,7500,675.0,675.0,0.0,8850.0
462,75916,Dravid Patel,865650052078926,Redmi 9A 3GB 32GB,11-11-2020,7500,675.0,675.0,0.0,8850.0
463,63405,Vishnavi Chatterjee,865650052110422,Redmi 9A 3GB 32GB,11-11-2020,7500,675.0,675.0,0.0,8850.0
464,57901,Ketaki Prasad,865650052278369,Redmi 9A 3GB 32GB,11-11-2020,7500,675.0,675.0,0.0,8850.0
465,54727,Ghoshdashtidar Chattopadhyay,865650052161144,Redmi 9A 3GB 32GB,11-11-2020,7500,675.0,675.0,0.0,8850.0
466,57849,Rangarathnam Prasad,867476043184096,Redmi 4GB 64GB 9,11-11-2020,9000,810.0,810.0,0.0,10620.0
467,75136,Himanshu Jangchup,867476043179476,Redmi 4GB 64GB 9,11-11-2020,9000,810.0,810.0,0.0,10620.0
468,72400,Shikha Passang,865650052095920,Redmi 9A 3GB 32GB,11-11-2020,7500,675.0,675.0,0.0,8850.0
469,54911,Nandakumar Sengupta,867476043185770,Redmi 4GB 64GB 9,11-11-2020,9000,810.0,810.0,0.0,10620.0
470,67541,Vaish Sen,865650052076441,Redmi 9A 3GB 32GB,11-11-2020,7500,675.0,675.0,0.0,8850.0
471,78555,Soumitra Bhattacharjee,865650052107246,Redmi 9A 3GB 32GB,11-11-2020,7500,675.0,675.0,0.0,8850.0
472,72175,Gade Mukherjee,862228053770396,Redmi 4GB 64GB 9,11-11-2020,9000,810.0,810.0,0.0,10620.0
473,54700,Parameswaran Rao,865650052171325,Redmi 9A 3GB 32GB,11-11-2020,7500,675.0,675.0,0.0,8850.0
474,65780,Sarasvan Doshi,867476043166911,Redmi 4GB 64GB 9,11-11-2020,9000,810.0,810.0,0.0,10620.0
475,59295,Chowdhury Amin,865650052176506,Redmi 9A 3GB 32GB,11-11-2020,7500,675.0,675.0,0.0,8850.0
476,53150,Ekachakra Varma,865650052242407,Redmi 9A 3GB 32GB,11-11-2020,7500,675.0,675.0,0.0,8850.0
477,61484,Govindasvamy Sengupta,865650052296882,Redmi 9A 3GB 32GB,11-11-2020,7500,675.0,675.0,0.0,8850.0
478,50097,Rajah D Souza,862228053203935,Redmi 4GB 64GB 9,11-11-2020,9000,810.0,810.0,0.0,10620.0
479,60916,Shaukat Dutta,862228053544833,Redmi 4GB 64GB 9,11-11-2020,9000,810.0,810.0,0.0,10620.0
480,72511,Ranjini Chowdary,862228053521617,Redmi 4GB 64GB 9,11-11-2020,9000,810.0,810.0,0.0,10620.0
481,51790,Vivekanand Malhotra,862228053542134,Redmi 4GB 64GB 9,11-11-2020,9000,810.0,810.0,0.0,10620.0
482,66924,Vijayakumar Rangan,862228053535252,Redmi 4GB 64GB 9,11-11-2020,9000,810.0,810.0,0.0,10620.0
483,53278,Surpur Kumar,862228053531095,Redmi 4GB 64GB 9,11-11-2020,9000,810.0,810.0,0.0,10620.0
484,59994,Velusamy Pal,862228053525832,Redmi 4GB 64GB 9,11-11-2020,9000,810.0,810.0,0.0,10620.0
485,72429,Sandipa Yadav,862228053534537,Redmi 4GB 64GB 9,11-11-2020,9000,810.0,810.0,0.0,10620.0
486,51136,Maitryi Bose,862228053514216,Redmi 4GB 64GB 9,11-11-2020,9000,810.0,810.0,0.0,10620.0
487,57268,Rima Chauhan,862228053539635,Redmi 4GB 64GB 9,11-11-2020,9000,810.0,810.0,0.0,10620.0
488,69114,Seshan Bhakta,867250059917024,Redmi 4GB 64GB 9 Prime,11-11-2020,10000,900.0,900.0,0.0,11800.0
489,71211,Rajamani Jorden,862228053542076,Redmi 4GB 64GB 9,12-11-2020,9000,810.0,810.0,0.0,10620.0
490,73351,Raje Nair,862228052626979,Redmi 4GB 64GB 9,12-11-2020,9000,810.0,810.0,0.0,10620.0
491,62602,Roy Mehta,862228053462036,Redmi 4GB 64GB 9,12-11-2020,9000,810.0,810.0,0.0,10620.0
492,79132,Nitesh Rangan,862228053535815,Redmi 4GB 64GB 9,12-11-2020,9000,810.0,810.0,0.0,10620.0
493,54879,Navya Sinha,862228053538595,Redmi 4GB 64GB 9,12-11-2020,9000,810.0,810.0,0.0,10620.0
494,72712,Patachli Sisodiya,862851055341567,Redmi 9A 32GB 2GB,12-11-2020,7000,630.0,630.0,0.0,8260.0
495,62928,Namdev Dhundup,862228053520171,Redmi 4GB 64GB 9,12-11-2020,9000,810.0,810.0,0.0,10620.0
496,70567,Monica Barua,862228053527937,Redmi 4GB 64GB 9,12-11-2020,9000,810.0,810.0,0.0,10620.0
497,75141,Umesh Rabten,862228053543991,Redmi 4GB 64GB 9,12-11-2020,9000,810.0,810.0,0.0,10620.0
498,72701,Nishtha Guha,862228053514810,Redmi 4GB 64GB 9,12-11-2020,9000,810.0,810.0,0.0,10620.0
499,50428,Kedia Rao,862228053533794,Redmi 4GB 64GB 9,12-11-2020,9000,810.0,810.0,0.0,10620.0
500,64910,Sathiamoorthy Mistry,865650051782585,Redmi 9A 3GB 32GB,12-11-2020,7500,675.0,675.0,0.0,8850.0
501,53195,Naimesh Kadam,865650051837207,Redmi 9A 3GB 32GB,12-11-2020,7500,675.0,675.0,0.0,8850.0
502,70629,Shrisha Dhundup,865650051601769,Redmi 9A 3GB 32GB,12-11-2020,7500,675.0,675.0,0.0,8850.0
503,64963,Naeem Jayaraman,865650051924088,Redmi 9A 3GB 32GB,12-11-2020,7500,675.0,675.0,0.0,8850.0
504,67706,Phadnis Patil,865650051929822,Redmi 9A 3GB 32GB,12-11-2020,7500,675.0,675.0,0.0,8850.0
505,65043,Sreenivasan Doshi,862024056669812,Redmi 4GB Note 9 128GB,12-11-2020,13500,1215.0,1215.0,0.0,15930.0
506,77085,Ranjini Mehra,865650051846307,Redmi 9A 3GB 32GB,12-11-2020,7500,675.0,675.0,0.0,8850.0
507,72787,Ilyas Passang,865650051928188,Redmi 9A 3GB 32GB,12-11-2020,7500,675.0,675.0,0.0,8850.0
508,79331,Niveda Lobo,865650051777486,Redmi 9A 3GB 32GB,12-11-2020,7500,675.0,675.0,0.0,8850.0
509,51448,Hynala Dutta,862851050742439,Redmi 9A 32GB 2GB,12-11-2020,7000,630.0,630.0,0.0,8260.0
510,65142,Navarathna Malik,860377044449461,Redmi 4GB 64GB Note 9,12-11-2020,12000,1080.0,1080.0,0.0,14160.0
511,56454,Ramdas Kumar,860377044429620,Redmi 4GB 64GB Note 9,12-11-2020,12000,1080.0,1080.0,0.0,14160.0
512,63103,Nachik Modi,862851050281826,Redmi 9A 32GB 2GB,12-11-2020,7000,630.0,630.0,0.0,8260.0
513,58880,Mansey Paswan,865650051759146,Redmi 9A 3GB 32GB,12-11-2020,7500,675.0,675.0,0.0,8850.0
514,78252,Resham Lobo,862851054994804,Redmi 9A 32GB 2GB,12-11-2020,7000,630.0,630.0,0.0,8260.0
515,66608,Prafull Doshi,865650051759369,Redmi 9A 3GB 32GB,12-11-2020,7500,675.0,675.0,0.0,8850.0
516,71938,Mannem Rangdol,865650051612949,Redmi 9A 3GB 32GB,12-11-2020,7500,675.0,675.0,0.0,8850.0
517,73241,Nisha Bhakta,865650051767586,Redmi 9A 3GB 32GB,12-11-2020,7500,675.0,675.0,0.0,8850.0
518,79246,Sathyanarayana Mehta,862851050811226,Redmi 9A 32GB 2GB,12-11-2020,7000,630.0,630.0,0.0,8260.0
519,63291,Riddhi Dasgupta,865650051871305,Redmi 9A 3GB 32GB,12-11-2020,7500,675.0,675.0,0.0,8850.0
520,61829,Manasa Guha,865650051783021,Redmi 9A 3GB 32GB,12-11-2020,7500,675.0,675.0,0.0,8850.0
521,67554,Sadaram Gupta,860377044453026,Redmi 4GB 64GB Note 9,12-11-2020,12000,1080.0,1080.0,0.0,14160.0
522,70641,Virasana Chopra,862851055231693,Redmi 9A 32GB 2GB,12-11-2020,7000,630.0,630.0,0.0,8260.0
523,50065,Raven Subramanium,865650051777908,Redmi 9A 3GB 32GB,12-11-2020,7500,675.0,675.0,0.0,8850.0
524,74766,Sangita Jayaraman,862851050725913,Redmi 9A 32GB 2GB,12-11-2020,7000,630.0,630.0,0.0,8260.0
525,66049,Kaith Yadav,865528052466517,Redmi 64GB Note 9 Pro Max 6GB,12-11-2020,17000,1530.0,1530.0,0.0,20060.0
526,64793,Chittor Mehta,867476043695075,Redmi 4GB 64GB 9,12-11-2020,9000,810.0,810.0,0.0,10620.0
527,63677,Mavalvala Bose,867476043966435,Redmi 4GB 64GB 9,12-11-2020,9000,810.0,810.0,0.0,10620.0
528,51403,Kriti Bhagawati,867476043645971,Redmi 4GB 64GB 9,12-11-2020,9000,810.0,810.0,0.0,10620.0
529,74345,Pai Banerjee,867476043672413,Redmi 4GB 64GB 9,12-11-2020,9000,810.0,810.0,0.0,10620.0
530,50943,Bai Sinha,862228053089193,Redmi 4GB 64GB 9,12-11-2020,9000,810.0,810.0,0.0,10620.0
531,77217,Trishna Yadav,867476043682412,Redmi 4GB 64GB 9,12-11-2020,9000,810.0,810.0,0.0,10620.0
532,67318,Varuni Sarin,867476044044877,Redmi 4GB 64GB 9,12-11-2020,9000,810.0,810.0,0.0,10620.0
533,78264,Khodabhai Amin,867476043651193,Redmi 4GB 64GB 9,12-11-2020,9000,810.0,810.0,0.0,10620.0
534,66173,Jaishree Achari,867476043664055,Redmi 4GB 64GB 9,12-11-2020,9000,810.0,810.0,0.0,10620.0
535,72479,Nuguru Chauhan,867476043653116,Redmi 4GB 64GB 9,12-11-2020,9000,810.0,810.0,0.0,10620.0
536,72567,Nishtha Patel,863118043071956,Redmi 4GB Note 9 Pro 128GB,12-11-2020,16000,1440.0,1440.0,0.0,18880.0
537,59312,Khodaiji Rabten,867476043664253,Redmi 4GB 64GB 9,12-11-2020,9000,810.0,810.0,0.0,10620.0
538,79116,Joshi Khando,867476043656432,Redmi 4GB 64GB 9,12-11-2020,9000,810.0,810.0,0.0,10620.0
539,68309,Mittal Patil,867476043660095,Redmi 4GB 64GB 9,12-11-2020,9000,810.0,810.0,0.0,10620.0
540,64426,Sudeva Subramanium,867476044040214,Redmi 4GB 64GB 9,12-11-2020,9000,810.0,810.0,0.0,10620.0
541,52483,Kasavaraju Lobo,867476043976459,Redmi 4GB 64GB 9,12-11-2020,9000,810.0,810.0,0.0,10620.0
542,53254,Maneesh Phuntsok,867476043490790,Redmi 4GB 64GB 9,12-11-2020,9000,810.0,810.0,0.0,10620.0
543,64324,Vaibhav Kumar,867476044105033,Redmi 4GB 64GB 9,12-11-2020,9000,810.0,810.0,0.0,10620.0
544,72612,Jasmit Parekh,867476043637333,Redmi 4GB 64GB 9,12-11-2020,9000,810.0,810.0,0.0,10620.0
545,53106,Saibal Patel,867476043682677,Redmi 4GB 64GB 9,12-11-2020,9000,810.0,810.0,0.0,10620.0
546,67248,Vivatma Gupta,863685059831655,Redmi 4GB 9 128GB,12-11-2020,10000,900.0,900.0,0.0,11800.0
547,50601,Durai Lobo,867476043612591,Redmi 4GB 64GB 9,12-11-2020,9000,810.0,810.0,0.0,10620.0
548,74902,Kusagra Sarin,867476043665714,Redmi 4GB 64GB 9,12-11-2020,9000,810.0,810.0,0.0,10620.0
549,54534,Vineeta Bhattacharjee,862985051471547,Redmi 9A 3GB 32GB,12-11-2020,7500,675.0,675.0,0.0,8850.0
550,78255,Siddhi Metok,865650052300726,Redmi 9A 3GB 32GB,12-11-2020,7500,675.0,675.0,0.0,8850.0
551,51882,Phadnis Guha,865650052360183,Redmi 9A 3GB 32GB,12-11-2020,7500,675.0,675.0,0.0,8850.0
552,50121,Ahsen Bhakto,863685058127618,Redmi 4GB 64GB 9,12-11-2020,9000,810.0,810.0,0.0,10620.0
553,77593,Samit Khan,865650052345507,Redmi 9A 3GB 32GB,12-11-2020,7500,675.0,675.0,0.0,8850.0
554,68186,Pankajakshan Rabgyal,865650052296643,Redmi 9A 3GB 32GB,12-11-2020,7500,675.0,675.0,0.0,8850.0
555,78331,Kaisth Khan,865650052346364,Redmi 9A 3GB 32GB,12-11-2020,7500,675.0,675.0,0.0,8850.0
556,61809,Sanigepalli Shah,865650052193048,Redmi 9A 3GB 32GB,12-11-2020,7500,675.0,675.0,0.0,8850.0
557,62300,Srikrishna Dhundup,865650052306624,Redmi 9A 3GB 32GB,12-11-2020,7500,675.0,675.0,0.0,8850.0
558,68415,Yateen Bhakto,865650052344807,Redmi 9A 3GB 32GB,12-11-2020,7500,675.0,675.0,0.0,8850.0
559,51334,Sreekanth Singh,865650052302649,Redmi 9A 3GB 32GB,12-11-2020,7500,675.0,675.0,0.0,8850.0
560,79430,Tamragouri Pawar,865650052090400,Redmi 9A 3GB 32GB,12-11-2020,7500,675.0,675.0,0.0,8850.0
561,73203,Kodumudi Naidu,862228053109272,Redmi 4GB 64GB 9,12-11-2020,9000,810.0,810.0,0.0,10620.0
562,61414,Supriya Ghosh,865650053376881,Redmi 9A 3GB 32GB,12-11-2020,7500,675.0,675.0,0.0,8850.0
563,69128,Palathingal Khan,865650053373862,Redmi 9A 3GB 32GB,12-11-2020,7500,675.0,675.0,0.0,8850.0
564,71018,Kondapaneni Jani,865650051329122,Redmi 9A 32GB 2GB,12-11-2020,7000,630.0,630.0,0.0,8260.0
565,54279,Yalamanchi Pal,865650051406904,Redmi 9A 32GB 2GB,12-11-2020,7000,630.0,630.0,0.0,8260.0
566,65901,Gungabissoon Prasad,865650051316541,Redmi 9A 32GB 2GB,12-11-2020,7000,630.0,630.0,0.0,8260.0
567,73557,Kaushik Banerjee,865650051376420,Redmi 9A 32GB 2GB,12-11-2020,7000,630.0,630.0,0.0,8260.0
568,53947,Renuka Subramanium,865650051400105,Redmi 9A 32GB 2GB,12-11-2020,7000,630.0,630.0,0.0,8260.0
569,72041,Diwan Achari,865650051399547,Redmi 9A 32GB 2GB,12-11-2020,7000,630.0,630.0,0.0,8260.0
570,75873,Zev Ghoshal,865650051400501,Redmi 9A 32GB 2GB,12-11-2020,7000,630.0,630.0,0.0,8260.0
571,56422,Luthria Rigzin,865650051405021,Redmi 9A 32GB 2GB,12-11-2020,7000,630.0,630.0,0.0,8260.0
572,53540,Huggahalli Sisodiya,865650051379101,Redmi 9A 32GB 2GB,12-11-2020,7000,630.0,630.0,0.0,8260.0
573,67234,Saraswathi Tambe,865650051387120,Redmi 9A 32GB 2GB,12-11-2020,7000,630.0,630.0,0.0,8260.0
574,66955,Shripati Sengupta,865650051399760,Redmi 9A 32GB 2GB,12-11-2020,7000,630.0,630.0,0.0,8260.0
575,51229,Gahlot Bose,865650051358386,Redmi 9A 32GB 2GB,12-11-2020,7000,630.0,630.0,0.0,8260.0
576,51783,Joshipura Jorden,865650051383368,Redmi 9A 32GB 2GB,12-11-2020,7000,630.0,630.0,0.0,8260.0
577,58946,Duranjaya Rabten,865650051404727,Redmi 9A 32GB 2GB,12-11-2020,7000,630.0,630.0,0.0,8260.0
578,64636,Bhattacharya Venkatesan,865650051389803,Redmi 9A 32GB 2GB,12-11-2020,7000,630.0,630.0,0.0,8260.0
579,57775,Pattabhiraman Tambe,865650051332142,Redmi 9A 32GB 2GB,12-11-2020,7000,630.0,630.0,0.0,8260.0
580,60575,Vanita Naidu,865650051408181,Redmi 9A 32GB 2GB,12-11-2020,7000,630.0,630.0,0.0,8260.0
581,51674,Chandrakala Rangdol,865650051408827,Redmi 9A 32GB 2GB,12-11-2020,7000,630.0,630.0,0.0,8260.0
582,75358,Vijayanath Barua,865650051396923,Redmi 9A 32GB 2GB,12-11-2020,7000,630.0,630.0,0.0,8260.0
583,62500,Mangeshkar Rabten,865650053377467,Redmi 9A 3GB 32GB,12-11-2020,7500,675.0,675.0,0.0,8850.0
584,77326,Vedanga Ganguly,865650051409064,Redmi 9A 32GB 2GB,12-11-2020,7000,630.0,630.0,0.0,8260.0
585,57884,Nadhamuni Phuntsok,867476043492036,Redmi 4GB 64GB 9,12-11-2020,9000,810.0,810.0,0.0,10620.0
586,69686,Gargeya Dasgupta,865715044589072,Redmi 4GB 64GB Note 9 Pro,13-11-2020,14000,1260.0,1260.0,0.0,16520.0
587,52670,Palia Singh,865650052647100,Redmi 9A 3GB 32GB,13-11-2020,7500,675.0,675.0,0.0,8850.0
588,60553,Nadhamuni Paswan,865715044576954,Redmi 4GB 64GB Note 9 Pro,13-11-2020,14000,1260.0,1260.0,0.0,16520.0
589,77261,Baboor Prasad,865650052171366,Redmi 9A 3GB 32GB,13-11-2020,7500,675.0,675.0,0.0,8850.0
590,75443,Parthasarathi Bhatnagar,865650053312266,Redmi 9A 3GB 32GB,13-11-2020,7500,675.0,675.0,0.0,8850.0
591,51194,Punita Sangyal,865650053366445,Redmi 9A 3GB 32GB,13-11-2020,7500,675.0,675.0,0.0,8850.0
592,72010,Vaninadha Bose,862228053329631,Redmi 4GB 9 128GB,13-11-2020,10000,900.0,900.0,0.0,11800.0
593,75957,Bhanghoo Tenzin,865650053355869,Redmi 9A 3GB 32GB,13-11-2020,7500,675.0,675.0,0.0,8850.0
594,59300,Koppala Singh,865650052347362,Redmi 9A 3GB 32GB,13-11-2020,7500,675.0,675.0,0.0,8850.0
595,70669,Dhiri Verma,865650052149883,Redmi 9A 3GB 32GB,13-11-2020,7500,675.0,675.0,0.0,8850.0
596,61320,Nishit Rana,865650052343221,Redmi 9A 3GB 32GB,13-11-2020,7500,675.0,675.0,0.0,8850.0
597,64238,Thangaraj Tashi,865650053290165,Redmi 9A 3GB 32GB,13-11-2020,7500,675.0,675.0,0.0,8850.0
598,60374,Sthanumurthy Jorden,865650053347965,Redmi 9A 3GB 32GB,13-11-2020,7500,675.0,675.0,0.0,8850.0
599,68435,Latesh Kadam,865650053287260,Redmi 9A 3GB 32GB,13-11-2020,7500,675.0,675.0,0.0,8850.0
600,68187,Saripella Sinha,865650053355521,Redmi 9A 3GB 32GB,13-11-2020,7500,675.0,675.0,0.0,8850.0
601,50178,Pattabhiraman Sarin,865650053286148,Redmi 9A 3GB 32GB,13-11-2020,7500,675.0,675.0,0.0,8850.0
602,57683,Nayna Shroff,865650053287823,Redmi 9A 3GB 32GB,13-11-2020,7500,675.0,675.0,0.0,8850.0
603,72422,Nishar Mukopadhyay,865650053351124,Redmi 9A 3GB 32GB,13-11-2020,7500,675.0,675.0,0.0,8850.0
604,51410,Sritharan Jhadav,865650053369860,Redmi 9A 3GB 32GB,13-11-2020,7500,675.0,675.0,0.0,8850.0
605,67131,Shaukat Manjhi,865650053369480,Redmi 9A 3GB 32GB,13-11-2020,7500,675.0,675.0,0.0,8850.0
606,77556,Manjunath Chawda,865650052221120,Redmi 9A 3GB 32GB,13-11-2020,7500,675.0,675.0,0.0,8850.0
607,71066,Sharma Achari,865715044578091,Redmi 4GB 64GB Note 9 Pro,13-11-2020,14000,1260.0,1260.0,0.0,16520.0
608,66497,Chowdry Bhattacharjee,865715044590195,Redmi 4GB 64GB Note 9 Pro,13-11-2020,14000,1260.0,1260.0,0.0,16520.0
609,72994,Surekha Jha,865650052359268,Redmi 9A 3GB 32GB,13-11-2020,7500,675.0,675.0,0.0,8850.0
610,59534,Mhambrey Rangarajan,865650053380305,Redmi 9A 3GB 32GB,13-11-2020,7500,675.0,675.0,0.0,8850.0
611,76391,Yauvani Singh,865650053364168,Redmi 9A 3GB 32GB,13-11-2020,7500,675.0,675.0,0.0,8850.0
612,69167,Kodi Prasad,865650053365660,Redmi 9A 3GB 32GB,13-11-2020,7500,675.0,675.0,0.0,8850.0
613,50071,Subhuja Singh,865650053282741,Redmi 9A 3GB 32GB,13-11-2020,7500,675.0,675.0,0.0,8850.0
614,69656,Malti Venkatesan,865650052303282,Redmi 9A 3GB 32GB,13-11-2020,7500,675.0,675.0,0.0,8850.0
615,61147,Nagarajan Rangarajan,865650052343544,Redmi 9A 3GB 32GB,13-11-2020,7500,675.0,675.0,0.0,8850.0
616,73767,Pandya Bhatnagar,865528052772831,Redmi 64GB Note 9 Pro Max 6GB,13-11-2020,17000,1530.0,1530.0,0.0,20060.0
617,68816,Prabhat Yadav,865650052355589,Redmi 9A 3GB 32GB,13-11-2020,7500,675.0,675.0,0.0,8850.0
618,50179,Shamsher Banerjee,865650053375628,Redmi 9A 3GB 32GB,13-11-2020,7500,675.0,675.0,0.0,8850.0
619,57432,Vaninadha Pillai,865650052368707,Redmi 9A 3GB 32GB,13-11-2020,7500,675.0,675.0,0.0,8850.0
620,52572,Nimbalkar Chopra,862228050271414,Redmi 4GB 9 128GB,13-11-2020,10000,900.0,900.0,0.0,11800.0
621,59285,Manohar Jangchup,865650053176984,Redmi 9A 3GB 32GB,13-11-2020,7500,675.0,675.0,0.0,8850.0
622,69364,Revati Bhagawati,863118044556518,Redmi 4GB Note 9 Pro 128GB,13-11-2020,16000,1440.0,1440.0,0.0,18880.0
623,75059,Sarmistha Namgyal,865650053387045,Redmi 9A 3GB 32GB,13-11-2020,7500,675.0,675.0,0.0,8850.0
624,61403,Paloma Dasgupta,865650053391781,Redmi 9A 3GB 32GB,13-11-2020,7500,675.0,675.0,0.0,8850.0
625,56417,Tandekar Balasubramanium,865650053392847,Redmi 9A 3GB 32GB,13-11-2020,7500,675.0,675.0,0.0,8850.0
626,54220,Chethan Patil,865650053341703,Redmi 9A 3GB 32GB,13-11-2020,7500,675.0,675.0,0.0,8850.0
627,78444,Kanetkar Gupta,865650053344384,Redmi 9A 3GB 32GB,13-11-2020,7500,675.0,675.0,0.0,8850.0
628,66080,Shrisha Varma,865650053342420,Redmi 9A 3GB 32GB,13-11-2020,7500,675.0,675.0,0.0,8850.0
629,76540,Sankuratri Banerjee,865650052516800,Redmi 9A 3GB 32GB,13-11-2020,7500,675.0,675.0,0.0,8850.0
630,56561,Jyothsna Das,865650053299208,Redmi 9A 3GB 32GB,13-11-2020,7500,675.0,675.0,0.0,8850.0
631,58576,Meenakshi Bhatnagar,865650053341604,Redmi 9A 3GB 32GB,13-11-2020,7500,675.0,675.0,0.0,8850.0
632,70792,Nakul Jangchup,865650053392805,Redmi 9A 3GB 32GB,13-11-2020,7500,675.0,675.0,0.0,8850.0
633,50610,Namasri Chopra,865650053342446,Redmi 9A 3GB 32GB,13-11-2020,7500,675.0,675.0,0.0,8850.0
634,63254,Radheshyam Jangchup,865650053346744,Redmi 9A 3GB 32GB,13-11-2020,7500,675.0,675.0,0.0,8850.0
635,65190,Rathore Modi,865650053188641,Redmi 9A 3GB 32GB,13-11-2020,7500,675.0,675.0,0.0,8850.0
636,68511,Salil Rao,865650053349763,Redmi 9A 3GB 32GB,13-11-2020,7500,675.0,675.0,0.0,8850.0
637,79851,Umakanta Jaiteley,865650053266843,Redmi 9A 3GB 32GB,13-11-2020,7500,675.0,675.0,0.0,8850.0
638,55223,Niramitra Kapur,865650052652167,Redmi 9A 3GB 32GB,13-11-2020,7500,675.0,675.0,0.0,8850.0
639,52934,Nirmal Soni,865650053269961,Redmi 9A 3GB 32GB,13-11-2020,7500,675.0,675.0,0.0,8850.0
640,58815,Virani Bhatnagar,865650053342040,Redmi 9A 3GB 32GB,13-11-2020,7500,675.0,675.0,0.0,8850.0
641,66863,Shirvaikar Rabten,865650053175200,Redmi 9A 3GB 32GB,13-11-2020,7500,675.0,675.0,0.0,8850.0
642,56671,Parthasarathy Basu,865650053258667,Redmi 9A 3GB 32GB,13-11-2020,7500,675.0,675.0,0.0,8850.0
643,78791,Anand Tenzin,863685058196936,Redmi 4GB 64GB 9,13-11-2020,9000,810.0,810.0,0.0,10620.0
644,68473,Agrawal Khan,867476043489297,Redmi 4GB 64GB 9,13-11-2020,9000,810.0,810.0,0.0,10620.0
645,65241,Papatranal Jangchup,867476043505977,Redmi 4GB 64GB 9,13-11-2020,9000,810.0,810.0,0.0,10620.0
646,69880,Hemalatha Manjhi,867476043516057,Redmi 4GB 64GB 9,13-11-2020,9000,810.0,810.0,0.0,10620.0
647,58047,Neha Chari,867476043364235,Redmi 4GB 64GB 9,13-11-2020,9000,810.0,810.0,0.0,10620.0
648,72234,Kishen Rao,867476043491913,Redmi 4GB 64GB 9,13-11-2020,9000,810.0,810.0,0.0,10620.0
649,59555,Huggahalli Tsundue,867476043434939,Redmi 4GB 64GB 9,13-11-2020,9000,810.0,810.0,0.0,10620.0
650,62098,Govindasvamy Rabten,867476043495195,Redmi 4GB 64GB 9,13-11-2020,9000,810.0,810.0,0.0,10620.0
651,58721,Niki Achari,867476043369853,Redmi 4GB 64GB 9,13-11-2020,9000,810.0,810.0,0.0,10620.0
652,56812,Sreerupa Raju,862228053092577,Redmi 4GB 64GB 9,13-11-2020,9000,810.0,810.0,0.0,10620.0
653,78796,Jignesh Tsomo,862985051530409,Redmi 9A 3GB 32GB,13-11-2020,7500,675.0,675.0,0.0,8850.0
654,66895,Nira Manjhi,862985051529468,Redmi 9A 3GB 32GB,13-11-2020,7500,675.0,675.0,0.0,8850.0
655,78301,Nagarajan Paswan,865715044601950,Redmi 4GB 64GB Note 9 Pro,13-11-2020,14000,1260.0,1260.0,0.0,16520.0
656,73837,Sajal Basu,862985051511961,Redmi 9A 3GB 32GB,13-11-2020,7500,675.0,675.0,0.0,8850.0
657,70529,Prajapati Parekh,862985051510203,Redmi 9A 3GB 32GB,13-11-2020,7500,675.0,675.0,0.0,8850.0
658,66036,Nisheeth Gupta,862985051266368,Redmi 9A 3GB 32GB,13-11-2020,7500,675.0,675.0,0.0,8850.0
659,55476,Maqbool Bose,862985051436045,Redmi 9A 3GB 32GB,13-11-2020,7500,675.0,675.0,0.0,8850.0
660,57087,Chandramouleeswaran Rana,862985051528148,Redmi 9A 3GB 32GB,13-11-2020,7500,675.0,675.0,0.0,8850.0
661,78082,Cheran Chatterjee,862985050612489,Redmi 9A 3GB 32GB,13-11-2020,7500,675.0,675.0,0.0,8850.0
662,72118,Visvayu Kumar,862985051435682,Redmi 9A 3GB 32GB,13-11-2020,7500,675.0,675.0,0.0,8850.0
663,52723,Kambhampat Chatterjee,862985051359403,Redmi 9A 3GB 32GB,13-11-2020,7500,675.0,675.0,0.0,8850.0
664,70474,Sagoo Jangchup,862985051472180,Redmi 9A 3GB 32GB,13-11-2020,7500,675.0,675.0,0.0,8850.0
665,57433,Mamgain Jangchup,862985051180023,Redmi 9A 3GB 32GB,13-11-2020,7500,675.0,675.0,0.0,8850.0
666,51672,Patankar Ganguly,862985051363249,Redmi 9A 3GB 32GB,13-11-2020,7500,675.0,675.0,0.0,8850.0
667,69238,Kudesia Parekh,862985051195849,Redmi 9A 3GB 32GB,13-11-2020,7500,675.0,675.0,0.0,8850.0
668,63304,Sarangarajan Chawda,862985051345766,Redmi 9A 3GB 32GB,13-11-2020,7500,675.0,675.0,0.0,8850.0
669,65698,Chippada Bhakta,862985051197886,Redmi 9A 3GB 32GB,13-11-2020,7500,675.0,675.0,0.0,8850.0
670,78420,Lalji Tsundue,860377044494525,Redmi 4GB 64GB Note 9,13-11-2020,12000,1080.0,1080.0,0.0,14160.0
671,69830,Govindasvamy Dasgupta,862985051546140,Redmi 9A 3GB 32GB,13-11-2020,7500,675.0,675.0,0.0,8850.0
672,50157,Pamela Basu,862985051402021,Redmi 9A 3GB 32GB,13-11-2020,7500,675.0,675.0,0.0,8850.0
673,72226,Sara Parekh,865650052344963,Redmi 9A 3GB 32GB,13-11-2020,7500,675.0,675.0,0.0,8850.0
674,77127,Satsangi Kapoor,867617052480574,Redmi 4GB 64GB 9i,13-11-2020,8300,747.0,747.0,-4.0,9794.0
675,69280,Sanjukta Rana,865715044582390,Redmi 4GB 64GB Note 9 Pro,13-11-2020,14000,1260.0,1260.0,0.0,16520.0
676,53889,Vikul Jhadav,867617052477356,Redmi 4GB 64GB 9i,13-11-2020,8300,747.0,747.0,-4.0,9794.0
677,55518,Veerender Namgyal,867617052482059,Redmi 4GB 64GB 9i,13-11-2020,8300,747.0,747.0,-4.0,9794.0
678,64130,Nidheesh Lhamo,867617052479055,Redmi 4GB 64GB 9i,13-11-2020,8300,747.0,747.0,-4.0,9794.0
679,77764,Mitanu Wangchuk,865715044605597,Redmi 4GB 64GB Note 9 Pro,13-11-2020,14000,1260.0,1260.0,0.0,16520.0
680,67423,Kadak Amin,860377046459864,Redmi 4GB 64GB Note 9,13-11-2020,12000,1080.0,1080.0,0.0,14160.0
681,63583,Sulagna Rangarajan,860377045567402,Redmi 4GB 64GB Note 9,13-11-2020,12000,1080.0,1080.0,0.0,14160.0
682,56865,Gowd Dhundup,860377046161585,Redmi 4GB 64GB Note 9,13-11-2020,12000,1080.0,1080.0,0.0,14160.0
683,66995,Salil Jha,867250059861784,Redmi 4GB 64GB 9 Prime,13-11-2020,10000,900.0,900.0,0.0,11800.0
684,70758,Tirumalesa Passang,867250059774607,Redmi 4GB 64GB 9 Prime,13-11-2020,10000,900.0,900.0,0.0,11800.0
685,71412,Somendra Khando,865650051908404,Redmi 9A 3GB 32GB,14-11-2020,7500,675.0,675.0,0.0,8850.0
686,68683,Thirumalai Ghosh,864782043846037,Redmi 4GB Note 9 Pro 128GB,14-11-2020,16000,1440.0,1440.0,0.0,18880.0
687,59767,Ramprakash Jangchup,862851050944134,Redmi 9A 32GB 2GB,14-11-2020,7000,630.0,630.0,0.0,8260.0
688,53153,Vamsi Sengupta,862228053115295,Redmi 4GB 64GB 9,14-11-2020,9000,810.0,810.0,0.0,10620.0
689,68748,Padmanabhan Basu,863118048760090,Redmi 4GB Note 9 Pro 128GB,14-11-2020,16000,1440.0,1440.0,0.0,18880.0
690,68336,Palathingal Mehta,860377047295325,Redmi 4GB 64GB Note 9,14-11-2020,12000,1080.0,1080.0,0.0,14160.0
691,68108,Shyamsundar Gavde,860377045768307,Redmi 4GB 64GB Note 9,14-11-2020,12000,1080.0,1080.0,0.0,14160.0
692,68132,Murti Varma,860377046551082,Redmi 4GB 64GB Note 9,14-11-2020,12000,1080.0,1080.0,0.0,14160.0
693,77969,Mounil D Costa,860377046570025,Redmi 4GB 64GB Note 9,14-11-2020,12000,1080.0,1080.0,0.0,14160.0
694,54823,Sangeeta Wangchuk,860377047294666,Redmi 4GB 64GB Note 9,14-11-2020,12000,1080.0,1080.0,0.0,14160.0
695,57804,Mittur Gain,863118044407993,Redmi 4GB Note 9 Pro 128GB,14-11-2020,16000,1440.0,1440.0,0.0,18880.0
696,58974,Praveenkumar Barua,863118044297857,Redmi 4GB Note 9 Pro 128GB,14-11-2020,16000,1440.0,1440.0,0.0,18880.0
697,79357,Ramila Jha,863118044342372,Redmi 4GB Note 9 Pro 128GB,14-11-2020,16000,1440.0,1440.0,0.0,18880.0
698,75844,Eswara Gupta,863118043855598,Redmi 4GB Note 9 Pro 128GB,14-11-2020,16000,1440.0,1440.0,0.0,18880.0
699,69018,Nilufar Rangarajan,863118044322259,Redmi 4GB Note 9 Pro 128GB,14-11-2020,16000,1440.0,1440.0,0.0,18880.0
700,58561,Janjua Sarin,862851055305000,Redmi 9A 32GB 2GB,14-11-2020,7000,630.0,630.0,0.0,8260.0
701,66458,Mangalvedhe Jani,862851050935116,Redmi 9A 32GB 2GB,14-11-2020,7000,630.0,630.0,0.0,8260.0
702,64133,Nisheeth Achari,862851050721615,Redmi 9A 32GB 2GB,14-11-2020,7000,630.0,630.0,0.0,8260.0
703,55089,Daruka Dasgupta,862851055334091,Redmi 9A 32GB 2GB,14-11-2020,7000,630.0,630.0,0.0,8260.0
704,78831,Masrani Kumar,862851050772956,Redmi 9A 32GB 2GB,14-11-2020,7000,630.0,630.0,0.0,8260.0
705,66729,Kity Yadav,862185047397282,Redmi 9A 32GB 2GB,14-11-2020,7000,630.0,630.0,0.0,8260.0
706,79606,Ranganathan Chawda,865650051367809,Redmi 9A 32GB 2GB,14-11-2020,7000,630.0,630.0,0.0,8260.0
707,61588,Mankad Bhattacharjee,862851050678286,Redmi 9A 32GB 2GB,14-11-2020,7000,630.0,630.0,0.0,8260.0
708,62182,Trishwant Prasad,862851050750267,Redmi 9A 32GB 2GB,14-11-2020,7000,630.0,630.0,0.0,8260.0
709,68970,Ratnasabapathi Patel,862851055313491,Redmi 9A 32GB 2GB,14-11-2020,7000,630.0,630.0,0.0,8260.0
710,52957,Mahatapa Tsomo,862185047423328,Redmi 9A 32GB 2GB,14-11-2020,7000,630.0,630.0,0.0,8260.0
711,68133,Ujjwal Bhakto,862185047331984,Redmi 9A 32GB 2GB,14-11-2020,7000,630.0,630.0,0.0,8260.0
712,64911,Vellore Singh,865650051373500,Redmi 9A 32GB 2GB,14-11-2020,7000,630.0,630.0,0.0,8260.0
713,67086,Muthukrishn Tsundue,865650051357206,Redmi 9A 32GB 2GB,14-11-2020,7000,630.0,630.0,0.0,8260.0
714,60769,Savdeep Sinha,862185047105289,Redmi 9A 32GB 2GB,14-11-2020,7000,630.0,630.0,0.0,8260.0
715,72092,Jaspal Modi,865650051368401,Redmi 9A 32GB 2GB,14-11-2020,7000,630.0,630.0,0.0,8260.0
716,73778,Yadgiri Tashi,860868045677654,Redmi 9A 32GB 2GB,14-11-2020,7000,630.0,630.0,0.0,8260.0
717,69648,Srinath Varma,860868045678173,Redmi 9A 32GB 2GB,14-11-2020,7000,630.0,630.0,0.0,8260.0
718,50145,Roopak Gain,860868045685392,Redmi 9A 32GB 2GB,14-11-2020,7000,630.0,630.0,0.0,8260.0
719,57479,Kity Sinha,860868042350693,Redmi 9A 32GB 2GB,14-11-2020,7000,630.0,630.0,0.0,8260.0
720,53486,Dama Basu,867617052324095,Redmi 4GB 64GB 9i,14-11-2020,8300,747.0,747.0,-4.0,9794.0
721,75537,Duranjaya Rana,867617052480376,Redmi 4GB 64GB 9i,14-11-2020,8300,747.0,747.0,-4.0,9794.0
722,72220,Kosuri Tsomo,862024058983252,Redmi 4GB Note 9 128GB,14-11-2020,13500,1215.0,1215.0,0.0,15930.0
723,53658,Sanigepalli Dolma,862024058976272,Redmi 4GB Note 9 128GB,14-11-2020,13500,1215.0,1215.0,0.0,15930.0
724,74150,Potla Pal,864391040137877,Redmi 4GB Note 9 128GB,14-11-2020,13500,1215.0,1215.0,0.0,15930.0
725,70070,Tatavarti Wangchuk,864391042484335,Redmi 4GB Note 9 128GB,14-11-2020,13500,1215.0,1215.0,0.0,15930.0
726,57371,Rajabhushan Chawda,864391040061630,Redmi 4GB Note 9 128GB,14-11-2020,13500,1215.0,1215.0,0.0,15930.0
727,59946,Kathiravan Rodrigues,864391040107771,Redmi 4GB Note 9 128GB,14-11-2020,13500,1215.0,1215.0,0.0,15930.0
728,69980,Satin Ganguly,864391042580876,Redmi 4GB Note 9 128GB,14-11-2020,13500,1215.0,1215.0,0.0,15930.0
729,64065,Kaul Chawda,862024056709253,Redmi 4GB Note 9 128GB,14-11-2020,13500,1215.0,1215.0,0.0,15930.0
730,74964,Subram Dolma,864391040134551,Redmi 4GB Note 9 128GB,14-11-2020,13500,1215.0,1215.0,0.0,15930.0
731,79516,Niradhara Mukopadhyay,862024056655035,Redmi 4GB Note 9 128GB,14-11-2020,13500,1215.0,1215.0,0.0,15930.0
732,55121,Dhatri Naidu,862024056533539,Redmi 4GB Note 9 128GB,14-11-2020,13500,1215.0,1215.0,0.0,15930.0
733,66139,Vandita Barua,862024056723130,Redmi 4GB Note 9 128GB,14-11-2020,13500,1215.0,1215.0,0.0,15930.0
734,73309,Seshaanath Amin,862985050426922,Redmi 9A 3GB 32GB,15-11-2020,7500,675.0,675.0,0.0,8850.0
735,60185,Raghavendran Bhagawati,865650052175706,Redmi 9A 3GB 32GB,15-11-2020,7500,675.0,675.0,0.0,8850.0
736,58470,Thandray Nayar,865650053345803,Redmi 9A 3GB 32GB,15-11-2020,7500,675.0,675.0,0.0,8850.0
737,62450,Kasavaraju Singh,865715044578315,Redmi 4GB 64GB Note 9 Pro,15-11-2020,14000,1260.0,1260.0,0.0,16520.0
738,66380,Rakala Bose,865650052273923,Redmi 9A 3GB 32GB,15-11-2020,7500,675.0,675.0,0.0,8850.0
739,50325,Muddiah Gain,867476043057474,Redmi 4GB 64GB 9,16-11-2020,9000,810.0,810.0,0.0,10620.0
740,55323,Visala Saxena,867936046828726,Redmi 4GB 128GB 9i,16-11-2020,9300,837.0,837.0,-4.0,10974.0
741,66702,Nayna Reddy,867936046645468,Redmi 4GB 128GB 9i,16-11-2020,9300,837.0,837.0,-4.0,10974.0
742,75894,Bahl Rigzin,867936046605462,Redmi 4GB 128GB 9i,16-11-2020,9300,837.0,837.0,-4.0,10974.0
743,67431,Nandini Rabten,867936046791767,Redmi 4GB 128GB 9i,16-11-2020,9300,837.0,837.0,-4.0,10974.0
744,71375,Senapathy Shah,867936046807944,Redmi 4GB 128GB 9i,16-11-2020,9300,837.0,837.0,-4.0,10974.0
745,55368,Sahni Jani,867936046697741,Redmi 4GB 128GB 9i,16-11-2020,9300,837.0,837.0,-4.0,10974.0
746,72438,Polavarapu Passang,867936046613748,Redmi 4GB 128GB 9i,16-11-2020,9300,837.0,837.0,-4.0,10974.0
747,71463,Kalanadhabhatla Ganguly,867936046685944,Redmi 4GB 128GB 9i,16-11-2020,9300,837.0,837.0,-4.0,10974.0
748,70068,Chirimar Singh,867617052343517,Redmi 4GB 64GB 9i,16-11-2020,8300,747.0,747.0,-4.0,9794.0
749,51392,Gundlapalli Parekh,867936046789241,Redmi 4GB 128GB 9i,16-11-2020,9300,837.0,837.0,-4.0,10974.0
750,59687,Venkatasubramaniam Achari,867617052462234,Redmi 4GB 64GB 9i,16-11-2020,8300,747.0,747.0,-4.0,9794.0
751,72637,Nitin Patil,867936046789746,Redmi 4GB 128GB 9i,16-11-2020,9300,837.0,837.0,-4.0,10974.0
752,70666,Selvam Saxena,867936046648785,Redmi 4GB 128GB 9i,16-11-2020,9300,837.0,837.0,-4.0,10974.0
753,72061,Suketu Kapoor,867936046757487,Redmi 4GB 128GB 9i,16-11-2020,9300,837.0,837.0,-4.0,10974.0
754,51151,Nagarajan Ahir,862851055309184,Redmi 9A 32GB 2GB,16-11-2020,7000,630.0,630.0,0.0,8260.0
755,64906,Renuka Doshi,862851055319779,Redmi 9A 32GB 2GB,16-11-2020,7000,630.0,630.0,0.0,8260.0
756,66887,Roy Sen,862185047566563,Redmi 9A 32GB 2GB,16-11-2020,7000,630.0,630.0,0.0,8260.0
757,52143,Mooljee Jani,862185047615022,Redmi 9A 32GB 2GB,16-11-2020,7000,630.0,630.0,0.0,8260.0
758,58412,Vairaja Saxena,862185047605882,Redmi 9A 32GB 2GB,16-11-2020,7000,630.0,630.0,0.0,8260.0
759,64469,Prashant D Costa,862185047608340,Redmi 9A 32GB 2GB,16-11-2020,7000,630.0,630.0,0.0,8260.0
760,74838,Kity Rangdol,862185047621202,Redmi 9A 32GB 2GB,16-11-2020,7000,630.0,630.0,0.0,8260.0
761,58800,Mehul Tsomo,862185047566209,Redmi 9A 32GB 2GB,16-11-2020,7000,630.0,630.0,0.0,8260.0
762,77993,Vamsi Venkatesan,862185047616327,Redmi 9A 32GB 2GB,16-11-2020,7000,630.0,630.0,0.0,8260.0
763,71867,Cheran D Souza,860162057861665,Redmi 32GB 2GB 8A Dual,16-11-2020,7500,675.0,675.0,0.0,8850.0
764,64057,Ponnada Tenzin,862985050342822,Redmi 9A 3GB 32GB,16-11-2020,7500,675.0,675.0,0.0,8850.0
765,72938,Gurbux Jhadav,862985050712685,Redmi 9A 3GB 32GB,16-11-2020,7500,675.0,675.0,0.0,8850.0
766,63314,Soumyabrata Patel,862985050743441,Redmi 9A 3GB 32GB,16-11-2020,7500,675.0,675.0,0.0,8850.0
767,68329,Chitturu Pal,862985050671428,Redmi 9A 3GB 32GB,16-11-2020,7500,675.0,675.0,0.0,8850.0
768,59749,Kaushal Tashi,862985050984722,Redmi 9A 3GB 32GB,16-11-2020,7500,675.0,675.0,0.0,8850.0
769,67303,Chet Dolma,862985050682664,Redmi 9A 3GB 32GB,16-11-2020,7500,675.0,675.0,0.0,8850.0
770,66923,Rebani Yadav,862985050650869,Redmi 9A 3GB 32GB,16-11-2020,7500,675.0,675.0,0.0,8850.0
771,57265,Mayuri Malhotra,862985050710804,Redmi 9A 3GB 32GB,16-11-2020,7500,675.0,675.0,0.0,8850.0
772,66969,Sthanumurthy Tashi,862985051655107,Redmi 9A 3GB 32GB,16-11-2020,7500,675.0,675.0,0.0,8850.0
773,72739,Luthra Pema,862985050615482,Redmi 9A 3GB 32GB,16-11-2020,7500,675.0,675.0,0.0,8850.0
774,64214,Roshni Metok,862985051659869,Redmi 9A 3GB 32GB,16-11-2020,7500,675.0,675.0,0.0,8850.0
775,58254,Kutty Dhundup,869956052483685,Redmi 4GB 64GB 9 Prime,16-11-2020,10000,900.0,900.0,0.0,11800.0
776,50263,Suranjan Rigzin,869956052451427,Redmi 4GB 64GB 9 Prime,16-11-2020,10000,900.0,900.0,0.0,11800.0
777,65951,Raven Ganguly,865650051333900,Redmi 9A 32GB 2GB,16-11-2020,7000,630.0,630.0,0.0,8260.0
778,58001,Pramila Manjhi,869956052425066,Redmi 4GB 64GB 9 Prime,16-11-2020,10000,900.0,900.0,0.0,11800.0
779,68641,Niki Dhundup,865650051354740,Redmi 9A 32GB 2GB,16-11-2020,7000,630.0,630.0,0.0,8260.0
780,63961,Ranjan Gain,867476043174931,Redmi 4GB 64GB 9,16-11-2020,9000,810.0,810.0,0.0,10620.0
781,64650,Gajraj Goswami,867476043076854,Redmi 4GB 64GB 9,16-11-2020,9000,810.0,810.0,0.0,10620.0
782,60391,Sapna Chatterjee,867476043181977,Redmi 4GB 64GB 9,16-11-2020,9000,810.0,810.0,0.0,10620.0
783,64885,Vittal Jorden,867476043083553,Redmi 4GB 64GB 9,16-11-2020,9000,810.0,810.0,0.0,10620.0
784,64906,Sarmad Singh,867476043150071,Redmi 4GB 64GB 9,16-11-2020,9000,810.0,810.0,0.0,10620.0
785,58266,Veerender Khando,862985050732220,Redmi 9A 3GB 32GB,16-11-2020,7500,675.0,675.0,0.0,8850.0
786,56657,Muniyappa Raju,862985050419166,Redmi 9A 3GB 32GB,16-11-2020,7500,675.0,675.0,0.0,8850.0
787,70644,Mecca Mukherjee,862985050731446,Redmi 9A 3GB 32GB,16-11-2020,7500,675.0,675.0,0.0,8850.0
788,74582,Phadkar Bose,862985050983765,Redmi 9A 3GB 32GB,16-11-2020,7500,675.0,675.0,0.0,8850.0
789,68716,Lolla Chavan,862985050949923,Redmi 9A 3GB 32GB,16-11-2020,7500,675.0,675.0,0.0,8850.0
790,51475,Rachna Kumar,862985050650968,Redmi 9A 3GB 32GB,16-11-2020,7500,675.0,675.0,0.0,8850.0
791,54277,Vedati Mehta,862985050925204,Redmi 9A 3GB 32GB,16-11-2020,7500,675.0,675.0,0.0,8850.0
792,68641,Gidh Mistry,862985050648962,Redmi 9A 3GB 32GB,16-11-2020,7500,675.0,675.0,0.0,8850.0
793,57060,Motala Gupta,865650051333967,Redmi 9A 32GB 2GB,16-11-2020,7000,630.0,630.0,0.0,8260.0
794,66861,Nitin Chopra,865650051327506,Redmi 9A 32GB 2GB,16-11-2020,7000,630.0,630.0,0.0,8260.0
795,62619,Narasimha Pillai,865650051337901,Redmi 9A 32GB 2GB,16-11-2020,7000,630.0,630.0,0.0,8260.0
796,52549,Gundamaraju Modi,865650051325724,Redmi 9A 32GB 2GB,16-11-2020,7000,630.0,630.0,0.0,8260.0
797,68665,Neelesh Lobo,865650051323547,Redmi 9A 32GB 2GB,16-11-2020,7000,630.0,630.0,0.0,8260.0
798,74982,Bhagwat Gupta,865650051332340,Redmi 9A 32GB 2GB,16-11-2020,7000,630.0,630.0,0.0,8260.0
799,52258,Lahiri Rana,865650051323760,Redmi 9A 32GB 2GB,16-11-2020,7000,630.0,630.0,0.0,8260.0
800,74676,Merchant Raju,865650051337208,Redmi 9A 32GB 2GB,16-11-2020,7000,630.0,630.0,0.0,8260.0
801,51682,Garikapaty Chari,865650051323729,Redmi 9A 32GB 2GB,16-11-2020,7000,630.0,630.0,0.0,8260.0
802,68438,Sudhindranath Dhundup,862851050889297,Redmi 9A 32GB 2GB,16-11-2020,7000,630.0,630.0,0.0,8260.0
803,69473,Gavarasana Nair,865650051328629,Redmi 9A 32GB 2GB,16-11-2020,7000,630.0,630.0,0.0,8260.0
804,62039,Thyagarajan Chattopadhyay,865650051330328,Redmi 9A 32GB 2GB,16-11-2020,7000,630.0,630.0,0.0,8260.0
805,73039,Sourajyoti Mitra,865650051338081,Redmi 9A 32GB 2GB,16-11-2020,7000,630.0,630.0,0.0,8260.0
806,56338,Jignesh Khan,865650051369128,Redmi 9A 32GB 2GB,16-11-2020,7000,630.0,630.0,0.0,8260.0
807,61329,Suri Lhamo,865650051324727,Redmi 9A 32GB 2GB,16-11-2020,7000,630.0,630.0,0.0,8260.0
808,58073,Bhoola Tashi,865650051328744,Redmi 9A 32GB 2GB,16-11-2020,7000,630.0,630.0,0.0,8260.0
809,58103,Sapna Pal,865650051348825,Redmi 9A 32GB 2GB,16-11-2020,7000,630.0,630.0,0.0,8260.0
810,68496,Naagesh Mehta,865650051346225,Redmi 9A 32GB 2GB,16-11-2020,7000,630.0,630.0,0.0,8260.0
811,53733,Tikaram Ahir,862185047620881,Redmi 9A 32GB 2GB,16-11-2020,7000,630.0,630.0,0.0,8260.0
812,64386,Matta Wangchuk,860868041736876,Redmi 9A 32GB 2GB,16-11-2020,7000,630.0,630.0,0.0,8260.0
813,77532,Vamsi Rabgyal,860868043367670,Redmi 9A 32GB 2GB,16-11-2020,7000,630.0,630.0,0.0,8260.0
814,74372,Pallavi Bhatnagar,860868042982750,Redmi 9A 32GB 2GB,16-11-2020,7000,630.0,630.0,0.0,8260.0
815,71162,Chitrangda Namgyal,860868045679973,Redmi 9A 32GB 2GB,16-11-2020,7000,630.0,630.0,0.0,8260.0
816,51127,Thribhuvana Manjhi,860868045677134,Redmi 9A 32GB 2GB,16-11-2020,7000,630.0,630.0,0.0,8260.0
817,74345,Maran Venkatesan,860868045684858,Redmi 9A 32GB 2GB,16-11-2020,7000,630.0,630.0,0.0,8260.0
